base_name,variant_count,best_width_px,has_jpg,has_webp,flag
_p5,1,?,true,false,RESCAN(<1200)
_p6,1,?,true,false,RESCAN(<1200)
_p3,1,3,true,false,RESCAN(<1200)
_p4,1,124,true,false,RESCAN(<1200)
_p10,1,132,true,false,RESCAN(<1200)
_p11,1,132,true,false,RESCAN(<1200)
_p7,1,160,true,false,RESCAN(<1200)
manuel-rodriguez-retrato,2,340,true,true,RESCAN(<1200)
doblones-coloniales-oro-360,2,360,false,true,RESCAN(<1200)
simon-bolivar,2,384,true,true,RESCAN(<1200)
_p8,1,402,true,false,RESCAN(<1200)
_p9,1,402,true,false,RESCAN(<1200)
Antonio Nariño,1,408,true,false,RESCAN(<1200)
antonio-narino,2,408,true,true,RESCAN(<1200)
rafael-nunez,2,485,true,true,RESCAN(<1200)
doblones-coloniales-oro,2,511,false,true,RESCAN(<1200)
andrew-jackson-retrato,2,537,false,true,RESCAN(<1200)
_p2,1,540,true,false,RESCAN(<1200)
100 Dollars National Currency Minneapolis,1,564,true,false,RESCAN(<1200)
100BancoDeLaRepublica_Specimen_TDLR,1,564,false,false,RESCAN(<1200)
20 Dollars Federal Reserve Note HAWAII WII,1,564,true,false,RESCAN(<1200)
BDR_10000pesos_10_1994,1,564,true,false,RESCAN(<1200)
BDR_10000pesos_3_1_1995,1,564,true,false,RESCAN(<1200)
BDR_1000pesos_11_1_2005,1,564,true,false,RESCAN(<1200)
BDR_1000pesos_12_17_2001_v1,1,564,true,false,RESCAN(<1200)
BDR_1000pesos_12_17_2001_v2,1,564,true,false,RESCAN(<1200)
BDR_1000pesos_12_1_1994,1,564,true,false,RESCAN(<1200)
BDR_1000pesos_1_1_1990,1,564,true,false,RESCAN(<1200)
BDR_1000pesos_1_31_2006,1,564,true,false,RESCAN(<1200)
BDR_1000pesos_1_3_1994,1,564,true,false,RESCAN(<1200)
BDR_1000pesos_2_17_2004_v1,1,564,true,false,RESCAN(<1200)
BDR_1000pesos_2_17_2004_v2,1,564,true,false,RESCAN(<1200)
BDR_1000pesos_3_2_2005,1,564,true,false,RESCAN(<1200)
BDR_1000pesos_3_3_2005,1,564,true,false,RESCAN(<1200)
BDR_1000pesos_4_1_1992_v1,1,564,true,false,RESCAN(<1200)
BDR_1000pesos_4_1_1992_v2,1,564,true,false,RESCAN(<1200)
BDR_1000pesos_4_30_2003_error,1,564,true,false,RESCAN(<1200)
BDR_1000pesos_5_30_2003,1,564,true,false,RESCAN(<1200)
BDR_1000pesos_5_7_2002,1,564,true,false,RESCAN(<1200)
BDR_1000pesos_7_1_1995_v1,1,564,true,false,RESCAN(<1200)
BDR_1000pesos_7_1_1995_v2,1,564,true,false,RESCAN(<1200)
BDR_1000pesos_8_7_2001_v1,1,564,true,false,RESCAN(<1200)
BDR_1000pesos_8_7_2001_v2,1,564,true,false,RESCAN(<1200)
BDR_100pesos_1_1_1983,1,564,true,false,RESCAN(<1200)
BDR_100pesos_9_7_1947,1,564,true,false,RESCAN(<1200)
BDR_1_peso_7_20_1929_Specimen,1,564,true,false,RESCAN(<1200)
BDR_1peso_1_1_1932,1,564,true,false,RESCAN(<1200)
BDR_2000pesos_12_17_1985,1,564,true,false,RESCAN(<1200)
BDR_2000pesos_12_17_1986,1,564,true,false,RESCAN(<1200)
BDR_2000pesos_12_17_1986a,1,564,true,false,RESCAN(<1200)
BDR_2000pesos_4_2_1996_Mariposa,1,564,true,false,RESCAN(<1200)
BDR_2000pesos_7_24_1984,1,564,true,false,RESCAN(<1200)
BDR_200_8_10_1992,1,564,true,false,RESCAN(<1200)
BDR_200pesos_1_1_1982,1,564,true,false,RESCAN(<1200)
BDR_200pesos_4_1_1983,1,564,true,false,RESCAN(<1200)
BDR_2pesos_1_1_1972,1,564,true,false,RESCAN(<1200)
BDR_5000pesos_8_8_1987,1,564,true,false,RESCAN(<1200)
BDR_5000pesos_9_5_1986,1,564,true,false,RESCAN(<1200)
BDR_500_pesos_1_4_1993,1,564,true,false,RESCAN(<1200)
BDR_500pesos_6_20_1984,1,564,true,false,RESCAN(<1200)
BDR_500pesos_7_20_1989,1,564,true,false,RESCAN(<1200)
BDR_500pesos_9_7_1947,1,564,true,false,RESCAN(<1200)
BDR_50pesos_1_1_1964,1,564,true,false,RESCAN(<1200)
BDR_50pesos_1_1_1985,1,564,true,false,RESCAN(<1200)
BDR_5pesos_1_1_1941,1,564,true,false,RESCAN(<1200)
BDR_mediopeso_1_18_1948,1,564,true,false,RESCAN(<1200)
BancoDeAntioquia_Libranza10centavos,1,564,true,false,RESCAN(<1200)
BancoDeAntioquia_Libranza10centavos_2,1,564,true,false,RESCAN(<1200)
BancoDeAntioquia_Libranza20centavos_2,1,564,true,false,RESCAN(<1200)
BancoDeBaranquilla_50centavos,1,564,true,false,RESCAN(<1200)
BancoDeMedellin_50centavos,1,564,true,false,RESCAN(<1200)
BancoDeOriente5pesos,1,564,true,false,RESCAN(<1200)
BancoInternacional_10pesos,1,564,true,false,RESCAN(<1200)
BancoInternacional_1peso,1,564,true,false,RESCAN(<1200)
BancoNacional_10centavos_amarillo,1,564,true,false,RESCAN(<1200)
BancoNacional_10centavos_verde,1,564,true,false,RESCAN(<1200)
BancoNacional_25pesos,1,564,true,false,RESCAN(<1200)
Bangladesh10,1,564,true,false,RESCAN(<1200)
Bruni_1,1,564,true,false,RESCAN(<1200)
Bruni_10,1,564,true,false,RESCAN(<1200)
Bruni_100,1,564,true,false,RESCAN(<1200)
Bruni_5,1,564,true,false,RESCAN(<1200)
Bruni_50,1,564,true,false,RESCAN(<1200)
Bulgaria20,1,564,true,false,RESCAN(<1200)
COL50000pesos-Error,1,564,true,false,RESCAN(<1200)
Catar100Riyales,1,564,true,false,RESCAN(<1200)
Chile1000pesos,1,564,true,false,RESCAN(<1200)
Chile2000_2004,1,564,true,false,RESCAN(<1200)
Chile2000_2009,1,564,true,false,RESCAN(<1200)
Chile2000pesos,1,564,true,false,RESCAN(<1200)
Chile5000pesos,1,564,true,false,RESCAN(<1200)
City Bank of New Haven 5 dollars,1,564,true,false,RESCAN(<1200)
Col200019Agosto2009-Error,1,564,true,false,RESCAN(<1200)
Col200019Agosto2009-Pareja-Mariposa,1,564,true,false,RESCAN(<1200)
Colombia - 1 Real 1813,1,564,true,false,RESCAN(<1200)
Colombia10Pesos-12Octubrede1949,1,564,true,false,RESCAN(<1200)
Colombia10Pesos1deEnero1953,1,564,true,false,RESCAN(<1200)
Colombia10Pesos211961,1,564,true,false,RESCAN(<1200)
Colombia10pesos_1960,1,564,true,false,RESCAN(<1200)
Colombia2000_1983_SPECIMEN,1,564,true,false,RESCAN(<1200)
Colombia2000pesos_error2005,1,564,true,false,RESCAN(<1200)
Colombia_100pesos_1969_specimen,1,564,true,false,RESCAN(<1200)
Colombia_2000pesos_1993_specimen,1,564,true,false,RESCAN(<1200)
Colombia_2pesos_1947,1,564,true,false,RESCAN(<1200)
Colombia_5000pesos_1993_specimen,1,564,true,false,RESCAN(<1200)
CostaRica1000,1,564,true,false,RESCAN(<1200)
CostaRica20,1,564,true,false,RESCAN(<1200)
El Banco de Caldas 1 peso,1,564,true,false,RESCAN(<1200)
ElBancoColombiano_Guatemala_1peso,1,564,true,false,RESCAN(<1200)
ElBancoDeColombia_100pesos,1,564,true,false,RESCAN(<1200)
ElBancoDePamplona_10pesos_v2,1,564,true,false,RESCAN(<1200)
ElBancoDePamplona_1peso,1,564,true,false,RESCAN(<1200)
ElBancoDePanama_1peso,1,564,true,false,RESCAN(<1200)
ElBancoDePanama_5pesos,1,564,true,false,RESCAN(<1200)
ElBancoDelCauca1peso,1,564,true,false,RESCAN(<1200)
ElBancoDelCauca5pesos,1,564,true,false,RESCAN(<1200)
ElBancoDelNorte_5pesos,1,564,true,false,RESCAN(<1200)
ElBancoUnion_1peso,1,564,true,false,RESCAN(<1200)
ElEstadoSoberanoDelCauca_5pesos,1,564,true,false,RESCAN(<1200)
EstadoSoberanoDePanama3Pesos,1,564,true,false,RESCAN(<1200)
Estados Unidos de Nueva Granada 1 peso,1,564,true,false,RESCAN(<1200)
EstadosUnidos100dolares1966,1,564,true,false,RESCAN(<1200)
EstadosUnidosDeColombia_1peso,1,564,true,false,RESCAN(<1200)
FB_IMG_1563749699343,1,564,true,false,RESCAN(<1200)
FB_IMG_1563749703181,1,564,true,false,RESCAN(<1200)
FederalReserve100dolares1990,1,564,true,false,RESCAN(<1200)
Guatemala1Quezal,1,564,true,false,RESCAN(<1200)
Guatemala5Quezal,1,564,true,false,RESCAN(<1200)
GuerraCivil_10centavos,1,564,true,false,RESCAN(<1200)
GuerraCivil_10pesos_1,1,564,true,false,RESCAN(<1200)
GuerraCivil_1Peso,1,564,true,false,RESCAN(<1200)
GuerraCivil_1Peso_1,1,564,true,false,RESCAN(<1200)
GuerraCivil_20centavos,1,564,true,false,RESCAN(<1200)
GuerraCivil_20pesos_1,1,564,true,false,RESCAN(<1200)
GuerraCivil_50pesos_1,1,564,true,false,RESCAN(<1200)
GuerraCivil_5pesos_1,1,564,true,false,RESCAN(<1200)
Hagerstown Bank 5 dollars,1,564,true,false,RESCAN(<1200)
Haggerstown Bank Ten Dollars,1,564,true,false,RESCAN(<1200)
Haiti1,1,564,true,false,RESCAN(<1200)
Haiti2,1,564,true,false,RESCAN(<1200)
Haiti50,1,564,true,false,RESCAN(<1200)
HongKong-10dollars-polymer,1,564,true,false,RESCAN(<1200)
Junta Central Republica de Cuba y Puerto Rico,1,564,true,false,RESCAN(<1200)
Kazajistán---1000-Tenge---Híbridos,1,564,true,false,RESCAN(<1200)
La Republica de Cuba - Junta Central Republican de Cuba y Puerto Rico,1,564,true,false,RESCAN(<1200)
LaRepublicaDeColombia_100pesos,1,564,true,false,RESCAN(<1200)
LaRepublicaDeColombia_2pesos,1,564,true,false,RESCAN(<1200)
LaRepublicaDeColombia_5pesos,1,564,true,false,RESCAN(<1200)
Libranzas_Chiquinquira,1,564,true,false,RESCAN(<1200)
Malaysia_5,1,564,true,false,RESCAN(<1200)
Malaysia_50,1,564,true,false,RESCAN(<1200)
Mexico100pesos,1,564,true,false,RESCAN(<1200)
Mexico202006,1,564,true,false,RESCAN(<1200)
Mexico20x,1,564,true,false,RESCAN(<1200)
Mexico50pesos,1,564,true,false,RESCAN(<1200)
Ministerio de Ultramar,1,564,true,false,RESCAN(<1200)
Mozambique 100 Meticais,1,564,true,false,RESCAN(<1200)
Mozambique 20 Meticais,1,564,true,false,RESCAN(<1200)
Mozambique 50 Meticais,1,564,true,false,RESCAN(<1200)
New-Jersey-6-Shillings-1776,1,564,true,false,RESCAN(<1200)
Nicaragua10,1,564,true,false,RESCAN(<1200)
Nicaragua20,1,564,true,false,RESCAN(<1200)
Nigeria_10,1,564,true,false,RESCAN(<1200)
Nigeria_5,1,564,true,false,RESCAN(<1200)
Nigeria_50,1,564,true,false,RESCAN(<1200)
Oman5Riales,1,564,true,false,RESCAN(<1200)
PapuaNuevaGuinea100Kina,1,564,true,false,RESCAN(<1200)
PapuaNuevaGuinea10Kina,1,564,true,false,RESCAN(<1200)
PapuaNuevaGuinea2Kina,1,564,true,false,RESCAN(<1200)
PapuaNuevaGuinea50Kina,1,564,true,false,RESCAN(<1200)
PapuaNuevaGuinea5Kina,1,564,true,false,RESCAN(<1200)
RepublicaBolivarDeColombia1peso,1,564,true,false,RESCAN(<1200)
RepublicaBolivarDeColombia2pesos,1,564,true,false,RESCAN(<1200)
RepublicaDeColombia10peso_1904,1,564,true,false,RESCAN(<1200)
RepublicaDeColombia1peso_1904,1,564,true,false,RESCAN(<1200)
RepublicaDeColombia25peso_1904,1,564,true,false,RESCAN(<1200)
RepublicaDeColombia2peso_1904,1,564,true,false,RESCAN(<1200)
RepublicaDeColombia50peso_1904,1,564,true,false,RESCAN(<1200)
RepublicaDeColombia5peso_1904,1,564,true,false,RESCAN(<1200)
Republica_Dominicana_20pesos,1,564,true,false,RESCAN(<1200)
Rumania1,1,564,true,false,RESCAN(<1200)
Rumania10,1,564,true,false,RESCAN(<1200)
Rumania2000,1,564,true,false,RESCAN(<1200)
Rumania5,1,564,true,false,RESCAN(<1200)
Samoa2_specimen,1,564,true,false,RESCAN(<1200)
Solomon_Islands_2,1,564,true,false,RESCAN(<1200)
Sri_Lanka_200blue,1,564,true,false,RESCAN(<1200)
Sri_Lanka_200red,1,564,true,false,RESCAN(<1200)
Suazilandia100Emalangeni,1,564,true,false,RESCAN(<1200)
Suazilandia10Emalangeni,1,564,true,false,RESCAN(<1200)
Suazilandia200Emalangeni,1,564,true,false,RESCAN(<1200)
Suazilandia20Emalangeni,1,564,true,false,RESCAN(<1200)
Suazilandia50Emalangeni,1,564,true,false,RESCAN(<1200)
Taiwán_50dolares,1,564,true,false,RESCAN(<1200)
The Adrian Insurance Company 2,1,564,true,false,RESCAN(<1200)
US 2 Shillings and six pence,1,564,true,false,RESCAN(<1200)
US 5 Shilligs ,1,564,true,false,RESCAN(<1200)
US$101934D,1,564,true,false,RESCAN(<1200)
US$101934E,1,564,true,false,RESCAN(<1200)
US$101934G,1,564,true,false,RESCAN(<1200)
US$101934L,1,564,true,false,RESCAN(<1200)
US$11928PR,1,564,true,false,RESCAN(<1200)
US-Obsolete-StateBank@NewBrunswick-1Dollar,1,564,true,false,RESCAN(<1200)
US-SilverCertificate-Africa-1934A-1Dollar,1,564,true,false,RESCAN(<1200)
VicenteBVillaeHijos_5pesos,1,564,true,false,RESCAN(<1200)
Zambia1000Kwacha,1,564,true,false,RESCAN(<1200)
Zambia50Kwacha,1,564,true,false,RESCAN(<1200)
adrian-insurance-company-michigan-2-dollars,2,564,true,true,RESCAN(<1200)
bangladesh-banco-bangladesh-10-taka-2000-polimero,2,564,true,true,RESCAN(<1200)
brazil-banco-central-10-reais-2000-polimero,2,564,true,true,RESCAN(<1200)
brazil_10reales2000,1,564,true,false,RESCAN(<1200)
brunei-negara-1-ringgit-2004-polimero,2,564,true,true,RESCAN(<1200)
brunei-negara-10-ringgit-2004-polimero,2,564,true,true,RESCAN(<1200)
brunei-negara-100-ringgit-2004-polimero,2,564,true,true,RESCAN(<1200)
brunei-negara-5-ringgit-2004-polimero,2,564,true,true,RESCAN(<1200)
brunei-negara-50-ringgit-2004-polimero,2,564,true,true,RESCAN(<1200)
bulgaria-bnb-20-leva-2005-hibrido-polimero,2,564,true,true,RESCAN(<1200)
chile-banco-central-1000-pesos-2010-polimero,2,564,true,true,RESCAN(<1200)
chile-banco-central-2000-pesos-2004-polimero,2,564,true,true,RESCAN(<1200)
chile-banco-central-2000-pesos-2009-polimero,2,564,true,true,RESCAN(<1200)
chile-banco-central-5000-pesos-2009-polimero,2,564,true,true,RESCAN(<1200)
citizens-bank-louisiana-shreveport-5-dollars,2,564,true,true,RESCAN(<1200)
colombia-1-escudo-carlos-iii-1774-bogota,2,564,true,true,RESCAN(<1200)
colombia-1-escudo-carlos-iii-1787-bogota,2,564,true,true,RESCAN(<1200)
colombia-1-escudo-carlos-iv-1802-bogota,2,564,true,true,RESCAN(<1200)
colombia-1-escudo-fernando-vii-1811-bogota,2,564,true,true,RESCAN(<1200)
colombia-1-escudo-fernando-vii-1820-bogota,2,564,true,true,RESCAN(<1200)
colombia-10-pesos-oro-1949,2,564,true,true,RESCAN(<1200)
colombia-10-pesos-oro-1953,2,564,true,true,RESCAN(<1200)
colombia-10-pesos-oro-1960,2,564,true,true,RESCAN(<1200)
colombia-10-pesos-oro-1961,2,564,true,true,RESCAN(<1200)
colombia-2-escudos-carlos-iv-1791-bogota,2,564,true,true,RESCAN(<1200)
colombia-2-escudos-felipe-v-santa-fe-bogota,2,564,true,true,RESCAN(<1200)
colombia-2000-pesos-error-corte-descentrado,2,564,true,true,RESCAN(<1200)
colombia-2000-pesos-error-mariposa,2,564,true,true,RESCAN(<1200)
colombia-banco-de-antioquia-libranza-10-centavos-1900,2,564,true,true,RESCAN(<1200)
colombia-banco-de-barranquilla-50-centavos-1900,2,564,true,true,RESCAN(<1200)
colombia-banco-de-colombia-1-peso-oro-1919,2,564,true,true,RESCAN(<1200)
colombia-banco-de-la-republica-100-pesos-oro-1947-specimen,2,564,true,true,RESCAN(<1200)
colombia-banco-de-la-republica-100-pesos-oro-1980-specimen,2,564,true,true,RESCAN(<1200)
colombia-banco-de-la-republica-100-pesos-oro-1983-specimen,2,564,true,true,RESCAN(<1200)
colombia-banco-de-la-republica-10000-pesos-1994-embera-specimen,2,564,true,true,RESCAN(<1200)
colombia-banco-de-la-republica-10000-pesos-1995-la-pola-specimen,2,564,true,true,RESCAN(<1200)
colombia-banco-de-la-republica-2000-pesos-1996-error-mariposa,2,564,true,true,RESCAN(<1200)
colombia-banco-de-la-republica-2000-pesos-oro-1983-specimen,2,564,true,true,RESCAN(<1200)
colombia-banco-de-la-republica-2000-pesos-oro-1984-specimen,2,564,true,true,RESCAN(<1200)
colombia-banco-de-la-republica-2000-pesos-oro-1985-specimen,3,564,true,true,RESCAN(<1200)
colombia-banco-de-la-republica-2000-pesos-oro-1986-specimen,2,564,true,true,RESCAN(<1200)
colombia-banco-de-la-republica-2000-pesos-oro-1986,2,564,true,true,RESCAN(<1200)
colombia-banco-de-la-republica-5000-pesos-oro-1986-specimen,2,564,true,true,RESCAN(<1200)
colombia-banco-de-la-republica-5000-pesos-oro-1987-specimen,2,564,true,true,RESCAN(<1200)
colombia-banco-de-la-republica-50000-pesos-error,2,564,true,true,RESCAN(<1200)
colombia-banco-de-la-republica-medio-peso-oro-1948-specimen,2,564,true,true,RESCAN(<1200)
colombia-banco-de-la-union-10-pesos-1883,2,564,true,true,RESCAN(<1200)
colombia-banco-de-la-union-5-pesos-1883,2,564,true,true,RESCAN(<1200)
colombia-banco-de-medellin-50-centavos,3,564,true,true,RESCAN(<1200)
colombia-banco-de-oriente-5-pesos-1888,2,564,true,true,RESCAN(<1200)
colombia-banco-de-pamplona-1-peso-1883,2,564,true,true,RESCAN(<1200)
colombia-banco-de-pamplona-10-pesos-1884-no2304,2,564,true,true,RESCAN(<1200)
colombia-banco-de-panama-1-peso,2,564,true,true,RESCAN(<1200)
colombia-banco-de-panama-5-pesos,2,564,true,true,RESCAN(<1200)
colombia-banco-del-cauca-1-peso-1888,2,564,true,true,RESCAN(<1200)
colombia-banco-del-cauca-5-pesos-1888,2,564,true,true,RESCAN(<1200)
colombia-banco-del-norte-5-pesos-1882,2,564,true,true,RESCAN(<1200)
colombia-banco-internacional-1-peso-1884,2,564,true,true,RESCAN(<1200)
colombia-banco-internacional-10-pesos-1884,2,564,true,true,RESCAN(<1200)
colombia-banco-nacional-1-peso-1899-serie-o,2,564,true,true,RESCAN(<1200)
colombia-banco-nacional-1-peso-1900,2,564,true,true,RESCAN(<1200)
colombia-banco-nacional-10-centavos-1885-serie-d,2,564,true,true,RESCAN(<1200)
colombia-banco-nacional-10-centavos-1893-serie-gamma,2,564,true,true,RESCAN(<1200)
colombia-banco-nacional-10-centavos-1893-specimen,2,564,true,true,RESCAN(<1200)
colombia-banco-nacional-10-centavos-1899-serie-h,2,564,true,true,RESCAN(<1200)
colombia-banco-nacional-10-pesos-1900,2,564,true,true,RESCAN(<1200)
colombia-banco-nacional-20-centavos-1900,2,564,true,true,RESCAN(<1200)
colombia-banco-nacional-20-pesos-1900,2,564,true,true,RESCAN(<1200)
colombia-banco-nacional-25-pesos-1895,2,564,true,true,RESCAN(<1200)
colombia-banco-nacional-5-pesos-1899,2,564,true,true,RESCAN(<1200)
colombia-banco-nacional-50-pesos-1900,2,564,true,true,RESCAN(<1200)
colombia-banco-union-cartagena-1-peso-1880s,2,564,true,true,RESCAN(<1200)
colombia-boyaca-libranza-500-pesos-1883,2,564,true,true,RESCAN(<1200)
colombia-cartagena-1-real-1813,2,564,true,true,RESCAN(<1200)
colombia-departamento-de-antioquia-10-centavos-1961,2,564,true,true,RESCAN(<1200)
colombia-departamento-de-antioquia-20-centavos-1901,2,564,true,true,RESCAN(<1200)
colombia-estado-soberano-cauca-5-pesos-1882,2,564,true,true,RESCAN(<1200)
colombia-estado-soberano-cundinamarca-1-peso-1870,2,564,true,true,RESCAN(<1200)
colombia-estado-soberano-panama-3-pesos-1865,2,564,true,true,RESCAN(<1200)
colombia-republica-1904-1-peso,2,564,true,true,RESCAN(<1200)
colombia-republica-1904-10-pesos,2,564,true,true,RESCAN(<1200)
colombia-republica-1904-2-pesos,2,564,true,true,RESCAN(<1200)
colombia-republica-1904-25-pesos,2,564,true,true,RESCAN(<1200)
colombia-republica-1904-5-pesos,2,564,true,true,RESCAN(<1200)
colombia-republica-1904-50-pesos,2,564,true,true,RESCAN(<1200)
colombia-republica-1910-100-pesos,2,564,true,true,RESCAN(<1200)
colombia-republica-1915-2-pesos-oro,2,564,true,true,RESCAN(<1200)
colombia-republica-1915-5-pesos-oro,2,564,true,true,RESCAN(<1200)
colombia-republica-bolivar-1-peso-1882,2,564,true,true,RESCAN(<1200)
colombia-republica-bolivar-2-pesos-1882,2,564,true,true,RESCAN(<1200)
colombia-vicente-villa-e-hijos-5-pesos,2,564,true,true,RESCAN(<1200)
costarica-bccr-1000-colones-2011-polimero,2,564,true,true,RESCAN(<1200)
costarica-bccr-20-colones-1983-tyvek,2,564,true,true,RESCAN(<1200)
ecuador-banco-central-100-sucres-1993-serial-00000002,2,564,true,true,RESCAN(<1200)
ecuador-banco-central-100-sucres-1993-serial-00000003,4,564,true,true,RESCAN(<1200)
guatemala-banco-colombiano-1-peso-1900,2,564,true,true,RESCAN(<1200)
guatemala-banco-de-guatemala-1-quetzal-2007-polimero,2,564,true,true,RESCAN(<1200)
guatemala-banco-de-guatemala-5-quetzales-2011-polimero,2,564,true,true,RESCAN(<1200)
haiti-brh-1-gourde-1980-tyvek,2,564,true,true,RESCAN(<1200)
haiti-brh-2-gourdes-1980-tyvek,2,564,true,true,RESCAN(<1200)
haiti-brh-50-gourdes-1980-tyvek,2,564,true,true,RESCAN(<1200)
hongkong-hkma-10-dollars-2007-polimero,2,564,true,true,RESCAN(<1200)
kazajistan-1000-tenge-2010-hibrido,2,564,true,true,RESCAN(<1200)
malaysia-bank-negara-5-ringgit-2004-polimero,2,564,true,true,RESCAN(<1200)
malaysia-bank-negara-50-ringgit-1998-polimero,2,564,true,true,RESCAN(<1200)
mexico-banco-de-mexico-100-pesos-2010-polimero,2,564,true,true,RESCAN(<1200)
mexico-banco-de-mexico-20-pesos-2003-papel,2,564,true,true,RESCAN(<1200)
mexico-banco-de-mexico-20-pesos-2006-polimero,2,564,true,true,RESCAN(<1200)
mexico-banco-de-mexico-50-pesos-2005-polimero,2,564,true,true,RESCAN(<1200)
mozambique-banco-de-mocambique-100-meticais-2011-polimero,2,564,true,true,RESCAN(<1200)
mozambique-banco-de-mocambique-20-meticais-2011-polimero,2,564,true,true,RESCAN(<1200)
mozambique-banco-de-mocambique-50-meticais-2011-polimero,2,564,true,true,RESCAN(<1200)
nepal-nrb-10-rupias-2005-polimero,2,564,true,true,RESCAN(<1200)
newjersey-6-shillings-1776-colonial,2,564,true,true,RESCAN(<1200)
nicaragua-bcn-10-cordobas-2007-polimero,4,564,true,true,RESCAN(<1200)
nicaragua-bcn-20-cordobas-2007-polimero,2,564,true,true,RESCAN(<1200)
nigeria-cbn-10-naira-2009-polimero,2,564,true,true,RESCAN(<1200)
nigeria-cbn-5-naira-2009-polimero,2,564,true,true,RESCAN(<1200)
nigeria-cbn-50-naira-2009-polimero,2,564,true,true,RESCAN(<1200)
oman-cbo-5-rials-2010-hibrido,2,564,true,true,RESCAN(<1200)
png-bank-10-kina-2007-polimero,2,564,true,true,RESCAN(<1200)
png-bank-100-kina-2005-polimero,2,564,true,true,RESCAN(<1200)
png-bank-2-kina-2007-polimero,2,564,true,true,RESCAN(<1200)
png-bank-5-kina-2007-polimero,2,564,true,true,RESCAN(<1200)
png-bank-50-kina-2005-polimero,2,564,true,true,RESCAN(<1200)
qatar-central-bank-100-riyals-hibrido-polimero,2,564,true,true,RESCAN(<1200)
romania-bnr-1-leu-2005-polimero,2,564,true,true,RESCAN(<1200)
romania-bnr-10-lei-2005-polimero,2,564,true,true,RESCAN(<1200)
romania-bnr-2000-lei-1999-eclipse-polimero,2,564,true,true,RESCAN(<1200)
romania-bnr-5-lei-2005-polimero,2,564,true,true,RESCAN(<1200)
samoa-central-bank-2-tala-1990-polimero-specimen,2,564,true,true,RESCAN(<1200)
solomon-islands-cbsi-2-dollars-2001-polimero,2,564,true,true,RESCAN(<1200)
sri-lanka-cbsl-200-rupees-1998-polimero-negro,2,564,true,true,RESCAN(<1200)
sri-lanka-cbsl-200-rupees-1998-polimero-rojo,2,564,true,true,RESCAN(<1200)
state-bank-new-brunswick-1-dollar,2,564,true,true,RESCAN(<1200)
swaziland-cbs-10-emalangeni-2010-hibrido,2,564,true,true,RESCAN(<1200)
swaziland-cbs-100-emalangeni-2010-hibrido,2,564,true,true,RESCAN(<1200)
swaziland-cbs-20-emalangeni-2010-hibrido,2,564,true,true,RESCAN(<1200)
swaziland-cbs-200-emalangeni-2010-hibrido,2,564,true,true,RESCAN(<1200)
swaziland-cbs-50-emalangeni-2010-hibrido,2,564,true,true,RESCAN(<1200)
taiwan-bank-of-taiwan-50-dolares-1999-polimero,2,564,true,true,RESCAN(<1200)
us-federal-reserve-bank-note-100-dollars-minneapolis-1929,2,564,true,true,RESCAN(<1200)
us-federal-reserve-note-10-dollars-1934a-chicago,2,564,true,true,RESCAN(<1200)
us-federal-reserve-note-10-dollars-1934a-cleveland,2,564,true,true,RESCAN(<1200)
us-federal-reserve-note-10-dollars-1934a-sanfrancisco,2,564,true,true,RESCAN(<1200)
us-federal-reserve-note-10-dollars-1934d-richmond,2,564,true,true,RESCAN(<1200)
us-federal-reserve-note-100-dollars-1990-cleveland,2,564,true,true,RESCAN(<1200)
us-federal-reserve-note-20-dollars-hawaii-1934a,2,564,true,true,RESCAN(<1200)
us-legal-tender-note-1-dollar-red-seal-1928,2,564,true,true,RESCAN(<1200)
us-legal-tender-note-100-dollars-red-seal-1966,2,564,true,true,RESCAN(<1200)
us-silver-certificate-1-dollar-north-africa-1935a,2,564,true,true,RESCAN(<1200)
us-treasury-gold-certificate-10-dollars-1928,2,564,true,true,RESCAN(<1200)
zambia-bank-of-zambia-1000-kwacha-2003-polimero,2,564,true,true,RESCAN(<1200)
zambia-bank-of-zambia-500-kwacha-2003-polimero,2,564,true,true,RESCAN(<1200)
usda-food-coupon-1-dollar-1980-serie-b,2,567,true,true,RESCAN(<1200)
Screenshot 2026-07-09 at 10.42.28 PM,1,592,false,false,RESCAN(<1200)
billete-50000-pesos-colombia,4,640,true,true,RESCAN(<1200)
city-bank-new-haven-5-dollars,3,640,true,true,RESCAN(<1200)
colombia-2000-pesos-error-corte-descentrado-2005,3,640,true,true,RESCAN(<1200)
colombia-banco-de-caldas-1-peso-1919-specimen,3,640,true,true,RESCAN(<1200)
colombia-banco-de-la-republica-1-peso-oro-1929-specimen,3,640,true,true,RESCAN(<1200)
colombia-banco-de-la-republica-1-peso-plata-1932-specimen,3,640,true,true,RESCAN(<1200)
colombia-banco-de-la-republica-100-pesos-oro-1969-specimen,4,640,true,true,RESCAN(<1200)
colombia-banco-de-la-republica-1000-pesos-1990,3,640,true,true,RESCAN(<1200)
colombia-banco-de-la-republica-1000-pesos-1992-01-31,3,640,true,true,RESCAN(<1200)
colombia-banco-de-la-republica-1000-pesos-1992-04-01,3,640,true,true,RESCAN(<1200)
colombia-banco-de-la-republica-1000-pesos-1994-01,3,640,true,true,RESCAN(<1200)
colombia-banco-de-la-republica-1000-pesos-1994-11,3,640,true,true,RESCAN(<1200)
colombia-banco-de-la-republica-1000-pesos-1995,4,640,true,true,RESCAN(<1200)
colombia-banco-de-la-republica-1000-pesos-1996,3,640,true,true,RESCAN(<1200)
colombia-banco-de-la-republica-1000-pesos-2001-08,3,640,true,true,RESCAN(<1200)
colombia-banco-de-la-republica-1000-pesos-2001-09,3,640,true,true,RESCAN(<1200)
colombia-banco-de-la-republica-1000-pesos-2001-12,3,640,true,true,RESCAN(<1200)
colombia-banco-de-la-republica-1000-pesos-2002,3,640,true,true,RESCAN(<1200)
colombia-banco-de-la-republica-1000-pesos-2003,3,640,true,true,RESCAN(<1200)
colombia-banco-de-la-republica-1000-pesos-2003-error,3,640,true,true,RESCAN(<1200)
colombia-banco-de-la-republica-1000-pesos-2004-02-16,3,640,true,true,RESCAN(<1200)
colombia-banco-de-la-republica-1000-pesos-2004-02-17,3,640,true,true,RESCAN(<1200)
colombia-banco-de-la-republica-1000-pesos-2005-03-02,3,640,true,true,RESCAN(<1200)
colombia-banco-de-la-republica-1000-pesos-2005-03-03,3,640,true,true,RESCAN(<1200)
colombia-banco-de-la-republica-1000-pesos-2005-11,3,640,true,true,RESCAN(<1200)
colombia-banco-de-la-republica-1000-pesos-2006,3,640,true,true,RESCAN(<1200)
colombia-banco-de-la-republica-2-pesos-oro-1947,4,640,true,true,RESCAN(<1200)
colombia-banco-de-la-republica-2-pesos-oro-1972-specimen,3,640,true,true,RESCAN(<1200)
colombia-banco-de-la-republica-200-pesos-oro-1982-specimen,3,640,true,true,RESCAN(<1200)
colombia-banco-de-la-republica-200-pesos-oro-1983-specimen,3,640,true,true,RESCAN(<1200)
colombia-banco-de-la-republica-200-pesos-oro-1992-specimen,3,640,true,true,RESCAN(<1200)
colombia-banco-de-la-republica-2000-pesos-oro-1993-specimen,4,640,true,true,RESCAN(<1200)
colombia-banco-de-la-republica-5-pesos-plata-1941-specimen,3,640,true,true,RESCAN(<1200)
colombia-banco-de-la-republica-50-pesos-oro-1964-specimen,3,640,true,true,RESCAN(<1200)
colombia-banco-de-la-republica-50-pesos-oro-1985-specimen,3,640,true,true,RESCAN(<1200)
colombia-banco-de-la-republica-500-pesos-oro-1947-specimen,3,640,true,true,RESCAN(<1200)
colombia-banco-de-la-republica-500-pesos-oro-1984-specimen,3,640,true,true,RESCAN(<1200)
colombia-banco-de-la-republica-500-pesos-oro-1989-specimen,3,640,true,true,RESCAN(<1200)
colombia-banco-de-la-republica-500-pesos-oro-1993-specimen,3,640,true,true,RESCAN(<1200)
colombia-banco-de-la-republica-5000-pesos-oro-1993-specimen,4,640,true,true,RESCAN(<1200)
colombia-nueva-granada-1-peso-1861,3,640,true,true,RESCAN(<1200)
hagerstown-bank-maryland-10-dollars,3,640,true,true,RESCAN(<1200)
hagerstown-bank-maryland-5-dollars,3,640,true,true,RESCAN(<1200)
moneda-10-pesos-octogonal-chile-1992,4,640,true,true,RESCAN(<1200)
pennsylvania-colonial-2s6d-1773,3,640,true,true,RESCAN(<1200)
pennsylvania-colonial-5-shillings-1773,3,640,true,true,RESCAN(<1200)
puerto-rico-billete-de-canje-1-peso-1895,3,640,true,true,RESCAN(<1200)
puerto-rico-junta-central-cuba-1500-pesos-1869,3,640,true,true,RESCAN(<1200)
puerto-rico-republica-de-cuba-1-peso-1869,3,640,true,true,RESCAN(<1200)
aristides-fernandez-retrato,2,643,true,true,RESCAN(<1200)
pasted-1783649349281-0,1,648,false,false,RESCAN(<1200)
DominicanRepublic20pesos,1,654,true,false,RESCAN(<1200)
colombia-papel-sellado-un-real-1821,2,654,true,true,RESCAN(<1200)
colombia_1real1813_a,1,654,true,false,RESCAN(<1200)
dominicana-bcrd-20-pesos-2009-polimero,2,654,true,true,RESCAN(<1200)
Screenshot 2026-07-10 at 2.31.16 PM,1,702,false,false,RESCAN(<1200)
_p1,1,721,true,false,RESCAN(<1200)
_p0,1,722,true,false,RESCAN(<1200)
malietoa-tanumafili-retrato,2,761,true,true,RESCAN(<1200)
José_Morales_Lemus,1,768,true,false,RESCAN(<1200)
diferencia-numismatica-notafilia,4,768,true,true,RESCAN(<1200)
jose-morales-lemus,3,768,true,true,RESCAN(<1200)
billete-2-dolares-serie-baja-l00000002a,4,850,true,true,RESCAN(<1200)
hero-engraving-01,4,900,true,true,RESCAN(<1200)
moneda-2-euros-grace-kelly,4,900,true,true,RESCAN(<1200)
puerto-rico-tesoreria-nacional-25-pesos-1813-900,1,900,false,true,RESCAN(<1200)
Isidoro_salcedo-Retrato_de_Alejandro_Ramirez,1,903,true,false,RESCAN(<1200)
alejandro-ramirez,3,903,true,true,RESCAN(<1200)
Gilbert_Stuart_Williamstown_Portrait_of_George_Washington,1,960,true,false,RESCAN(<1200)
Joseph_Siffrein_Duplessis_-_Benjamin_Franklin_-_Google_Art_Project,1,960,true,false,RESCAN(<1200)
franklin-portrait-duplessis-v2,1,960,true,false,RESCAN(<1200)
washington-portrait-stuart,1,960,true,false,RESCAN(<1200)
José Germán Gutiérrez de Piñeres y Cárcamo,1,963,true,false,RESCAN(<1200)
jose-german-gutierrez-de-pineres,3,963,true,true,RESCAN(<1200)
5Guatemala,1,972,true,false,RESCAN(<1200)
5Oman,1,972,true,false,RESCAN(<1200)
Brasil10,1,972,true,false,RESCAN(<1200)
hero-slide-brasil-10,6,972,true,true,RESCAN(<1200)
hero-slide-guatemala-quetzal,6,972,true,true,RESCAN(<1200)
hero-slide-mexico-tren,4,972,true,true,RESCAN(<1200)
hero-slide-oman-sultan,6,972,true,true,RESCAN(<1200)
mexico100,1,972,true,false,RESCAN(<1200)
Tesoria Nacional de Puerto Rico,1,987,true,false,RESCAN(<1200)
puerto-rico-tesoreria-nacional-25-pesos-1813,2,987,true,true,RESCAN(<1200)
641345616f0c164503a71a2a,1,1000,true,false,RESCAN(<1200)
francisco-de-paula-santander,2,1000,true,true,RESCAN(<1200)
jsg-boggs,2,1140,true,true,RESCAN(<1200)
bessent-moneda-250-anos-independencia-eeuu,4,1200,true,true,ok-not-zoomable
origenes-banca-comercial-colombia-banca-libre,4,1200,true,true,ok-not-zoomable
origenes-banca-comercial-puerto-rico,4,1200,true,true,ok-not-zoomable
Screenshot 2026-07-14 at 12.24.49 PM,1,1234,false,false,ok-not-zoomable
Food Coupon $1,1,1353,false,false,ok-not-zoomable
honduras-bch-20-lempiras-2008-polimero,3,1353,true,true,ok-not-zoomable
ringling-bros-50th-anniversary-baraboo-10-cents,3,1400,true,true,ok-not-zoomable
ringling-bros-50th-anniversary-baraboo-15-cents,3,1400,true,true,ok-not-zoomable
ringling-bros-50th-anniversary-baraboo-5-cents,3,1400,true,true,ok-not-zoomable
Screenshot 2026-07-09 at 9.59.51 PM,1,1579,false,false,ok-not-zoomable
vale-mas-de-1.000-euros-la-moneda-de-2-€-que-llevas-en-tu-cartera-y-no-te-has-dado-cuenta,1,1800,false,true,ok-not-zoomable
ElBancoDePamplona_10Pesos_2firmas,1,1816,true,false,ok-not-zoomable
colombia-banco-de-pamplona-10-pesos-1884,3,1816,true,true,ok-not-zoomable
Gori Test Banknote,1,1873,true,false,ok-not-zoomable
us-giori-press-test-note,3,1873,true,true,ok-not-zoomable