file,ext,bytes,kb,width,height,rescan_flag
/uploads/_p0.jpg,jpg,120198,117.4,722,911,RESCAN
/uploads/_p1.jpg,jpg,105266,102.8,721,910,RESCAN
/uploads/_p10.jpg,jpg,7366,7.2,132,126,RESCAN
/uploads/_p11.jpg,jpg,8409,8.2,132,120,RESCAN
/uploads/_p2.jpg,jpg,67331,65.8,540,680,RESCAN
/uploads/_p3.jpg,jpg,2068,2.0,3,910,RESCAN
/uploads/_p4.jpg,jpg,526,0.5,124,176,RESCAN
/uploads/_p5.jpg,jpg,39645,38.7,?,?,
/uploads/_p6.jpg,jpg,11839,11.6,?,?,
/uploads/_p7.jpg,jpg,6361,6.2,160,237,RESCAN
/uploads/_p8.jpg,jpg,33335,32.6,402,270,RESCAN
/uploads/_p9.jpg,jpg,32478,31.7,402,270,RESCAN
/uploads/100 Dollars National Currency Minneapolis.jpg,jpg,352254,344.0,564,505,RESCAN
/uploads/100BancoDeLaRepublica_Specimen_TDLR.gif,gif,277290,270.8,564,550,
/uploads/20 Dollars Federal Reserve Note HAWAII WII.jpg,jpg,362779,354.3,564,505,RESCAN
/uploads/5Guatemala.jpg,jpg,203729,199.0,972,360,RESCAN
/uploads/5Oman.jpg,jpg,785203,766.8,972,360,RESCAN
/uploads/641345616f0c164503a71a2a.jpg,jpg,175891,171.8,1000,1137,RESCAN
/uploads/adrian-insurance-company-michigan-2-dollars.jpg,jpg,69306,67.7,564,480,RESCAN
/uploads/adrian-insurance-company-michigan-2-dollars.webp,webp,62064,60.6,564,480,
/uploads/alejandro-ramirez-640.webp,webp,104002,101.6,640,984,
/uploads/alejandro-ramirez.jpg,jpg,168977,165.0,903,1388,RESCAN
/uploads/alejandro-ramirez.webp,webp,189470,185.0,903,1388,
/uploads/andrew-jackson-retrato.png,png,478995,467.8,537,700,RESCAN
/uploads/andrew-jackson-retrato.webp,webp,45030,44.0,537,700,
/uploads/Antonio Nariño.jpeg,jpeg,30392,29.7,408,490,RESCAN
/uploads/antonio-narino.jpg,jpg,35731,34.9,408,490,RESCAN
/uploads/antonio-narino.webp,webp,33034,32.3,408,490,
/uploads/aristides-fernandez-retrato.jpg,jpg,78270,76.4,643,914,RESCAN
/uploads/aristides-fernandez-retrato.webp,webp,75584,73.8,643,914,
/uploads/BancoDeAntioquia_Libranza10centavos_2.jpg,jpg,160360,156.6,564,642,RESCAN
/uploads/BancoDeAntioquia_Libranza10centavos.jpg,jpg,191032,186.6,564,632,RESCAN
/uploads/BancoDeAntioquia_Libranza20centavos_2.jpg,jpg,204584,199.8,564,757,RESCAN
/uploads/BancoDeBaranquilla_50centavos.jpg,jpg,198526,193.9,564,701,RESCAN
/uploads/BancoDeMedellin_50centavos.jpg,jpg,162904,159.1,564,542,RESCAN
/uploads/BancoDeOriente5pesos.jpg,jpg,100298,97.9,564,664,RESCAN
/uploads/BancoInternacional_10pesos.jpg,jpg,141535,138.2,564,483,RESCAN
/uploads/BancoInternacional_1peso.jpg,jpg,135121,132.0,564,512,RESCAN
/uploads/BancoNacional_10centavos_amarillo.jpg,jpg,169383,165.4,564,576,RESCAN
/uploads/BancoNacional_10centavos_verde.jpg,jpg,146875,143.4,564,548,RESCAN
/uploads/BancoNacional_25pesos.jpg,jpg,127803,124.8,564,469,RESCAN
/uploads/bangladesh-banco-bangladesh-10-taka-2000-polimero.jpg,jpg,102148,99.8,564,510,RESCAN
/uploads/bangladesh-banco-bangladesh-10-taka-2000-polimero.webp,webp,84426,82.4,564,510,
/uploads/Bangladesh10.jpg,jpg,522130,509.9,564,510,RESCAN
/uploads/BDR_1_peso_7_20_1929_Specimen.jpg,jpg,139708,136.4,564,570,RESCAN
/uploads/BDR_10000pesos_10_1994.jpg,jpg,140153,136.9,564,564,RESCAN
/uploads/BDR_10000pesos_3_1_1995.jpg,jpg,118915,116.1,564,557,RESCAN
/uploads/BDR_1000pesos_1_1_1990.jpg,jpg,126958,124.0,564,569,RESCAN
/uploads/BDR_1000pesos_1_3_1994.jpg,jpg,121980,119.1,564,565,RESCAN
/uploads/BDR_1000pesos_1_31_2006.jpg,jpg,128058,125.1,564,563,RESCAN
/uploads/BDR_1000pesos_11_1_2005.jpg,jpg,125502,122.6,564,560,RESCAN
/uploads/BDR_1000pesos_12_1_1994.jpg,jpg,125886,122.9,564,569,RESCAN
/uploads/BDR_1000pesos_12_17_2001_v1.jpg,jpg,131188,128.1,564,559,RESCAN
/uploads/BDR_1000pesos_12_17_2001_v2.jpg,jpg,133600,130.5,564,568,RESCAN
/uploads/BDR_1000pesos_2_17_2004_v1.jpg,jpg,129744,126.7,564,565,RESCAN
/uploads/BDR_1000pesos_2_17_2004_v2.jpg,jpg,131014,127.9,564,563,RESCAN
/uploads/BDR_1000pesos_3_2_2005.jpg,jpg,131012,127.9,564,563,RESCAN
/uploads/BDR_1000pesos_3_3_2005.jpg,jpg,130846,127.8,564,563,RESCAN
/uploads/BDR_1000pesos_4_1_1992_v1.jpg,jpg,125413,122.5,564,567,RESCAN
/uploads/BDR_1000pesos_4_1_1992_v2.jpg,jpg,121760,118.9,564,569,RESCAN
/uploads/BDR_1000pesos_4_30_2003_error.jpg,jpg,127925,124.9,564,564,RESCAN
/uploads/BDR_1000pesos_5_30_2003.jpg,jpg,133352,130.2,564,568,RESCAN
/uploads/BDR_1000pesos_5_7_2002.jpg,jpg,134395,131.2,564,564,RESCAN
/uploads/BDR_1000pesos_7_1_1995_v1.jpg,jpg,129346,126.3,564,569,RESCAN
/uploads/BDR_1000pesos_7_1_1995_v2.jpg,jpg,126678,123.7,564,568,RESCAN
/uploads/BDR_1000pesos_8_7_2001_v1.jpg,jpg,132257,129.2,564,563,RESCAN
/uploads/BDR_1000pesos_8_7_2001_v2.jpg,jpg,128090,125.1,564,569,RESCAN
/uploads/BDR_100pesos_1_1_1983.jpg,jpg,139414,136.1,564,567,RESCAN
/uploads/BDR_100pesos_9_7_1947.jpg,jpg,142858,139.5,564,567,RESCAN
/uploads/BDR_1peso_1_1_1932.jpg,jpg,135263,132.1,564,543,RESCAN
/uploads/BDR_200_8_10_1992.jpg,jpg,124471,121.6,564,561,RESCAN
/uploads/BDR_2000pesos_12_17_1985.jpg,jpg,139909,136.6,564,560,RESCAN
/uploads/BDR_2000pesos_12_17_1986.jpg,jpg,136676,133.5,564,560,RESCAN
/uploads/BDR_2000pesos_12_17_1986a.jpg,jpg,142394,139.1,564,571,RESCAN
/uploads/BDR_2000pesos_4_2_1996_Mariposa.jpg,jpg,98529,96.2,564,558,RESCAN
/uploads/BDR_2000pesos_7_24_1984.jpg,jpg,139063,135.8,564,563,RESCAN
/uploads/BDR_200pesos_1_1_1982.jpg,jpg,132011,128.9,564,567,RESCAN
/uploads/BDR_200pesos_4_1_1983.jpg,jpg,133368,130.2,564,568,RESCAN
/uploads/BDR_2pesos_1_1_1972.jpg,jpg,143172,139.8,564,559,RESCAN
/uploads/BDR_500_pesos_1_4_1993.jpg,jpg,137333,134.1,564,569,RESCAN
/uploads/BDR_5000pesos_8_8_1987.jpg,jpg,137752,134.5,564,571,RESCAN
/uploads/BDR_5000pesos_9_5_1986.jpg,jpg,130155,127.1,564,563,RESCAN
/uploads/BDR_500pesos_6_20_1984.jpg,jpg,135749,132.6,564,568,RESCAN
/uploads/BDR_500pesos_7_20_1989.jpg,jpg,138584,135.3,564,563,RESCAN
/uploads/BDR_500pesos_9_7_1947.jpg,jpg,140746,137.4,564,568,RESCAN
/uploads/BDR_50pesos_1_1_1964.jpg,jpg,127475,124.5,564,569,RESCAN
/uploads/BDR_50pesos_1_1_1985.jpg,jpg,127051,124.1,564,572,RESCAN
/uploads/BDR_5pesos_1_1_1941.jpg,jpg,136527,133.3,564,565,RESCAN
/uploads/BDR_mediopeso_1_18_1948.jpg,jpg,131530,128.4,564,558,RESCAN
/uploads/bessent-moneda-250-anos-independencia-eeuu-640.jpg,jpg,40768,39.8,640,360,RESCAN
/uploads/bessent-moneda-250-anos-independencia-eeuu-640.webp,webp,36310,35.5,640,360,
/uploads/bessent-moneda-250-anos-independencia-eeuu.jpg,jpg,128106,125.1,1200,675,
/uploads/bessent-moneda-250-anos-independencia-eeuu.webp,webp,118770,116.0,1200,675,
/uploads/billete-2-dolares-serie-baja-l00000002a-640.jpg,jpg,50469,49.3,640,377,RESCAN
/uploads/billete-2-dolares-serie-baja-l00000002a-640.webp,webp,39288,38.4,640,377,
/uploads/billete-2-dolares-serie-baja-l00000002a.jpg,jpg,90835,88.7,850,501,RESCAN
/uploads/billete-2-dolares-serie-baja-l00000002a.webp,webp,55952,54.6,850,501,
/uploads/billete-50000-pesos-colombia-640.jpg,jpg,68549,66.9,640,631,RESCAN
/uploads/billete-50000-pesos-colombia-640.webp,webp,45648,44.6,640,631,
/uploads/billete-50000-pesos-colombia.jpg,jpg,46659,45.6,438,432,RESCAN
/uploads/billete-50000-pesos-colombia.webp,webp,36514,35.7,438,432,
/uploads/Brasil10.jpg,jpg,834946,815.4,972,360,RESCAN
/uploads/brazil_10reales2000.jpg,jpg,137500,134.3,564,533,RESCAN
/uploads/brazil-banco-central-10-reais-2000-polimero.jpg,jpg,116093,113.4,564,533,RESCAN
/uploads/brazil-banco-central-10-reais-2000-polimero.webp,webp,110354,107.8,564,533,
/uploads/brunei-negara-1-ringgit-2004-polimero.jpg,jpg,130552,127.5,564,549,RESCAN
/uploads/brunei-negara-1-ringgit-2004-polimero.webp,webp,132524,129.4,564,549,
/uploads/brunei-negara-10-ringgit-2004-polimero.jpg,jpg,148389,144.9,564,550,RESCAN
/uploads/brunei-negara-10-ringgit-2004-polimero.webp,webp,142958,139.6,564,550,
/uploads/brunei-negara-100-ringgit-2004-polimero.jpg,jpg,128360,125.4,564,533,RESCAN
/uploads/brunei-negara-100-ringgit-2004-polimero.webp,webp,119772,117.0,564,533,
/uploads/brunei-negara-5-ringgit-2004-polimero.jpg,jpg,120638,117.8,564,541,RESCAN
/uploads/brunei-negara-5-ringgit-2004-polimero.webp,webp,123612,120.7,564,541,
/uploads/brunei-negara-50-ringgit-2004-polimero.jpg,jpg,111453,108.8,564,532,RESCAN
/uploads/brunei-negara-50-ringgit-2004-polimero.webp,webp,113354,110.7,564,532,
/uploads/Bruni_1.jpg,jpg,624292,609.7,564,549,RESCAN
/uploads/Bruni_10.jpg,jpg,279570,273.0,564,550,RESCAN
/uploads/Bruni_100.jpg,jpg,232650,227.2,564,533,RESCAN
/uploads/Bruni_5.jpg,jpg,608210,594.0,564,541,RESCAN
/uploads/Bruni_50.jpg,jpg,563330,550.1,564,532,RESCAN
/uploads/bulgaria-bnb-20-leva-2005-hibrido-polimero.jpg,jpg,129560,126.5,564,621,RESCAN
/uploads/bulgaria-bnb-20-leva-2005-hibrido-polimero.webp,webp,121594,118.7,564,621,
/uploads/Bulgaria20.jpg,jpg,619912,605.4,564,621,RESCAN
/uploads/Catar100Riyales.jpg,jpg,124695,121.8,564,527,RESCAN
/uploads/chile-banco-central-1000-pesos-2010-polimero.jpg,jpg,138512,135.3,564,655,RESCAN
/uploads/chile-banco-central-1000-pesos-2010-polimero.webp,webp,133234,130.1,564,655,
/uploads/chile-banco-central-2000-pesos-2004-polimero.jpg,jpg,118211,115.4,564,539,RESCAN
/uploads/chile-banco-central-2000-pesos-2004-polimero.webp,webp,113984,111.3,564,539,
/uploads/chile-banco-central-2000-pesos-2009-polimero.jpg,jpg,131504,128.4,564,622,RESCAN
/uploads/chile-banco-central-2000-pesos-2009-polimero.webp,webp,125516,122.6,564,622,
/uploads/chile-banco-central-5000-pesos-2009-polimero.jpg,jpg,122882,120.0,564,594,RESCAN
/uploads/chile-banco-central-5000-pesos-2009-polimero.webp,webp,120798,118.0,564,594,
/uploads/Chile1000pesos.jpg,jpg,677486,661.6,564,655,RESCAN
/uploads/Chile2000_2004.jpg,jpg,558222,545.1,564,539,RESCAN
/uploads/Chile2000_2009.jpg,jpg,614793,600.4,564,619,RESCAN
/uploads/Chile2000pesos.jpg,jpg,625995,611.3,564,622,RESCAN
/uploads/Chile5000pesos.jpg,jpg,613786,599.4,564,594,RESCAN
/uploads/citizens-bank-louisiana-shreveport-5-dollars.jpg,jpg,79802,77.9,564,491,RESCAN
/uploads/citizens-bank-louisiana-shreveport-5-dollars.webp,webp,71338,69.7,564,491,
/uploads/City Bank of New Haven 5 dollars.jpeg,jpeg,51590,50.4,564,473,RESCAN
/uploads/city-bank-new-haven-5-dollars-640.webp,webp,34930,34.1,640,537,
/uploads/city-bank-new-haven-5-dollars.jpg,jpg,47328,46.2,564,473,RESCAN
/uploads/city-bank-new-haven-5-dollars.webp,webp,37860,37.0,564,473,
/uploads/Col200019Agosto2009-Error.jpg,jpg,385840,376.8,564,606,RESCAN
/uploads/Col200019Agosto2009-Pareja-Mariposa.jpg,jpg,294609,287.7,564,536,RESCAN
/uploads/COL50000pesos-Error.jpg,jpg,281909,275.3,564,490,RESCAN
/uploads/Colombia - 1 Real 1813.jpeg,jpeg,47208,46.1,564,863,RESCAN
/uploads/Colombia_100pesos_1969_specimen.jpg,jpg,119267,116.5,564,565,RESCAN
/uploads/colombia_1real1813_a.jpg,jpg,205563,200.7,654,910,RESCAN
/uploads/Colombia_2000pesos_1993_specimen.jpg,jpg,137286,134.1,564,569,RESCAN
/uploads/Colombia_2pesos_1947.jpg,jpg,141194,137.9,564,569,RESCAN
/uploads/Colombia_5000pesos_1993_specimen.jpg,jpg,135736,132.6,564,567,RESCAN
/uploads/colombia-1-escudo-carlos-iii-1774-bogota.jpg,jpg,41142,40.2,564,281,RESCAN
/uploads/colombia-1-escudo-carlos-iii-1774-bogota.webp,webp,40660,39.7,564,281,
/uploads/colombia-1-escudo-carlos-iii-1787-bogota.jpg,jpg,44792,43.7,564,292,RESCAN
/uploads/colombia-1-escudo-carlos-iii-1787-bogota.webp,webp,43590,42.6,564,292,
/uploads/colombia-1-escudo-carlos-iv-1802-bogota.jpg,jpg,44119,43.1,564,310,RESCAN
/uploads/colombia-1-escudo-carlos-iv-1802-bogota.webp,webp,42872,41.9,564,310,
/uploads/colombia-1-escudo-fernando-vii-1811-bogota.jpg,jpg,42101,41.1,564,280,RESCAN
/uploads/colombia-1-escudo-fernando-vii-1811-bogota.webp,webp,40658,39.7,564,280,
/uploads/colombia-1-escudo-fernando-vii-1820-bogota.jpg,jpg,42596,41.6,564,282,RESCAN
/uploads/colombia-1-escudo-fernando-vii-1820-bogota.webp,webp,41820,40.8,564,282,
/uploads/colombia-10-pesos-oro-1949.jpg,jpg,130603,127.5,564,589,RESCAN
/uploads/colombia-10-pesos-oro-1949.webp,webp,124292,121.4,564,589,
/uploads/colombia-10-pesos-oro-1953.jpg,jpg,125719,122.8,564,563,RESCAN
/uploads/colombia-10-pesos-oro-1953.webp,webp,122470,119.6,564,563,
/uploads/colombia-10-pesos-oro-1960.jpg,jpg,121920,119.1,564,571,RESCAN
/uploads/colombia-10-pesos-oro-1960.webp,webp,116192,113.5,564,571,
/uploads/colombia-10-pesos-oro-1961.jpg,jpg,125851,122.9,564,560,RESCAN
/uploads/colombia-10-pesos-oro-1961.webp,webp,123208,120.3,564,560,
/uploads/colombia-2-escudos-carlos-iv-1791-bogota.jpg,jpg,48769,47.6,564,293,RESCAN
/uploads/colombia-2-escudos-carlos-iv-1791-bogota.webp,webp,49766,48.6,564,293,
/uploads/colombia-2-escudos-felipe-v-santa-fe-bogota.jpg,jpg,36759,35.9,564,277,RESCAN
/uploads/colombia-2-escudos-felipe-v-santa-fe-bogota.webp,webp,37710,36.8,564,277,
/uploads/colombia-2000-pesos-error-corte-descentrado-2005-640.webp,webp,75844,74.1,640,780,
/uploads/colombia-2000-pesos-error-corte-descentrado-2005.jpg,jpg,92786,90.6,564,687,RESCAN
/uploads/colombia-2000-pesos-error-corte-descentrado-2005.webp,webp,81072,79.2,564,687,
/uploads/colombia-2000-pesos-error-corte-descentrado.jpg,jpg,95129,92.9,564,606,RESCAN
/uploads/colombia-2000-pesos-error-corte-descentrado.webp,webp,88394,86.3,564,606,
/uploads/colombia-2000-pesos-error-mariposa.jpg,jpg,73629,71.9,564,536,RESCAN
/uploads/colombia-2000-pesos-error-mariposa.webp,webp,63358,61.9,564,536,
/uploads/colombia-banco-de-antioquia-libranza-10-centavos-1900.jpg,jpg,157421,153.7,564,632,RESCAN
/uploads/colombia-banco-de-antioquia-libranza-10-centavos-1900.webp,webp,156836,153.2,564,632,
/uploads/colombia-banco-de-barranquilla-50-centavos-1900.jpg,jpg,165412,161.5,564,701,RESCAN
/uploads/colombia-banco-de-barranquilla-50-centavos-1900.webp,webp,157810,154.1,564,701,
/uploads/colombia-banco-de-caldas-1-peso-1919-specimen-640.webp,webp,83996,82.0,640,670,
/uploads/colombia-banco-de-caldas-1-peso-1919-specimen.jpg,jpg,94745,92.5,564,590,RESCAN
/uploads/colombia-banco-de-caldas-1-peso-1919-specimen.webp,webp,87872,85.8,564,590,
/uploads/colombia-banco-de-colombia-1-peso-oro-1919.jpg,jpg,154343,150.7,564,697,RESCAN
/uploads/colombia-banco-de-colombia-1-peso-oro-1919.webp,webp,150306,146.8,564,697,
/uploads/colombia-banco-de-la-republica-1-peso-oro-1929-specimen-640.webp,webp,101444,99.1,640,647,
/uploads/colombia-banco-de-la-republica-1-peso-oro-1929-specimen.jpg,jpg,121741,118.9,564,570,RESCAN
/uploads/colombia-banco-de-la-republica-1-peso-oro-1929-specimen.webp,webp,103112,100.7,564,570,
/uploads/colombia-banco-de-la-republica-1-peso-plata-1932-specimen-640.webp,webp,102128,99.7,640,616,
/uploads/colombia-banco-de-la-republica-1-peso-plata-1932-specimen.jpg,jpg,121088,118.3,564,543,RESCAN
/uploads/colombia-banco-de-la-republica-1-peso-plata-1932-specimen.webp,webp,103700,101.3,564,543,
/uploads/colombia-banco-de-la-republica-100-pesos-oro-1947-specimen.jpg,jpg,118888,116.1,564,567,RESCAN
/uploads/colombia-banco-de-la-republica-100-pesos-oro-1947-specimen.webp,webp,105944,103.5,564,567,
/uploads/colombia-banco-de-la-republica-100-pesos-oro-1969-specimen-640.jpg,jpg,111072,108.5,640,641,RESCAN
/uploads/colombia-banco-de-la-republica-100-pesos-oro-1969-specimen-640.webp,webp,91162,89.0,640,641,
/uploads/colombia-banco-de-la-republica-100-pesos-oro-1969-specimen.jpg,jpg,106736,104.2,564,565,RESCAN
/uploads/colombia-banco-de-la-republica-100-pesos-oro-1969-specimen.webp,webp,94106,91.9,564,565,
/uploads/colombia-banco-de-la-republica-100-pesos-oro-1980-specimen.jpg,jpg,116272,113.5,564,550,RESCAN
/uploads/colombia-banco-de-la-republica-100-pesos-oro-1980-specimen.webp,webp,112096,109.5,564,550,
/uploads/colombia-banco-de-la-republica-100-pesos-oro-1983-specimen.jpg,jpg,115931,113.2,564,567,RESCAN
/uploads/colombia-banco-de-la-republica-100-pesos-oro-1983-specimen.webp,webp,108618,106.1,564,567,
/uploads/colombia-banco-de-la-republica-1000-pesos-1990-640.webp,webp,101634,99.3,640,646,
/uploads/colombia-banco-de-la-republica-1000-pesos-1990.jpg,jpg,115016,112.3,564,569,RESCAN
/uploads/colombia-banco-de-la-republica-1000-pesos-1990.webp,webp,104522,102.1,564,569,
/uploads/colombia-banco-de-la-republica-1000-pesos-1992-01-31-640.webp,webp,98612,96.3,640,646,
/uploads/colombia-banco-de-la-republica-1000-pesos-1992-01-31.jpg,jpg,111002,108.4,564,569,RESCAN
/uploads/colombia-banco-de-la-republica-1000-pesos-1992-01-31.webp,webp,99720,97.4,564,569,
/uploads/colombia-banco-de-la-republica-1000-pesos-1992-04-01-640.webp,webp,101148,98.8,640,643,
/uploads/colombia-banco-de-la-republica-1000-pesos-1992-04-01.jpg,jpg,113590,110.9,564,567,RESCAN
/uploads/colombia-banco-de-la-republica-1000-pesos-1992-04-01.webp,webp,104000,101.6,564,567,
/uploads/colombia-banco-de-la-republica-1000-pesos-1994-01-640.webp,webp,97962,95.7,640,641,
/uploads/colombia-banco-de-la-republica-1000-pesos-1994-01.jpg,jpg,111319,108.7,564,565,RESCAN
/uploads/colombia-banco-de-la-republica-1000-pesos-1994-01.webp,webp,101610,99.2,564,565,
/uploads/colombia-banco-de-la-republica-1000-pesos-1994-11-640.webp,webp,102566,100.2,640,646,
/uploads/colombia-banco-de-la-republica-1000-pesos-1994-11.jpg,jpg,113456,110.8,564,569,RESCAN
/uploads/colombia-banco-de-la-republica-1000-pesos-1994-11.webp,webp,104620,102.2,564,569,
/uploads/colombia-banco-de-la-republica-1000-pesos-1995-640.jpg,jpg,84021,82.1,564,569,RESCAN
/uploads/colombia-banco-de-la-republica-1000-pesos-1995-640.webp,webp,106346,103.9,640,646,
/uploads/colombia-banco-de-la-republica-1000-pesos-1995.jpg,jpg,115603,112.9,564,569,RESCAN
/uploads/colombia-banco-de-la-republica-1000-pesos-1995.webp,webp,106052,103.6,564,569,
/uploads/colombia-banco-de-la-republica-1000-pesos-1996-640.webp,webp,105552,103.1,640,646,
/uploads/colombia-banco-de-la-republica-1000-pesos-1996.jpg,jpg,115355,112.7,564,569,RESCAN
/uploads/colombia-banco-de-la-republica-1000-pesos-1996.webp,webp,106768,104.3,564,569,
/uploads/colombia-banco-de-la-republica-1000-pesos-2001-08-640.webp,webp,100948,98.6,640,639,
/uploads/colombia-banco-de-la-republica-1000-pesos-2001-08.jpg,jpg,111569,109.0,564,563,RESCAN
/uploads/colombia-banco-de-la-republica-1000-pesos-2001-08.webp,webp,103414,101.0,564,563,
/uploads/colombia-banco-de-la-republica-1000-pesos-2001-09-640.webp,webp,103208,100.8,640,645,
/uploads/colombia-banco-de-la-republica-1000-pesos-2001-09.jpg,jpg,113690,111.0,564,568,RESCAN
/uploads/colombia-banco-de-la-republica-1000-pesos-2001-09.webp,webp,104774,102.3,564,568,
/uploads/colombia-banco-de-la-republica-1000-pesos-2001-12-640.webp,webp,100202,97.9,640,634,
/uploads/colombia-banco-de-la-republica-1000-pesos-2001-12.jpg,jpg,111193,108.6,564,559,RESCAN
/uploads/colombia-banco-de-la-republica-1000-pesos-2001-12.webp,webp,103360,100.9,564,559,
/uploads/colombia-banco-de-la-republica-1000-pesos-2002-640.webp,webp,102882,100.5,640,640,
/uploads/colombia-banco-de-la-republica-1000-pesos-2002.jpg,jpg,113241,110.6,564,564,RESCAN
/uploads/colombia-banco-de-la-republica-1000-pesos-2002.webp,webp,105242,102.8,564,564,
/uploads/colombia-banco-de-la-republica-1000-pesos-2003-640.webp,webp,101686,99.3,640,645,
/uploads/colombia-banco-de-la-republica-1000-pesos-2003-error-640.webp,webp,96710,94.4,640,640,
/uploads/colombia-banco-de-la-republica-1000-pesos-2003-error.jpg,jpg,108784,106.2,564,564,RESCAN
/uploads/colombia-banco-de-la-republica-1000-pesos-2003-error.webp,webp,99586,97.3,564,564,
/uploads/colombia-banco-de-la-republica-1000-pesos-2003.jpg,jpg,112686,110.0,564,568,RESCAN
/uploads/colombia-banco-de-la-republica-1000-pesos-2003.webp,webp,104722,102.3,564,568,
/uploads/colombia-banco-de-la-republica-1000-pesos-2004-02-16-640.webp,webp,100448,98.1,640,639,
/uploads/colombia-banco-de-la-republica-1000-pesos-2004-02-16.jpg,jpg,110482,107.9,564,563,RESCAN
/uploads/colombia-banco-de-la-republica-1000-pesos-2004-02-16.webp,webp,102910,100.5,564,563,
/uploads/colombia-banco-de-la-republica-1000-pesos-2004-02-17-640.webp,webp,98882,96.6,640,641,
/uploads/colombia-banco-de-la-republica-1000-pesos-2004-02-17.jpg,jpg,109808,107.2,564,565,RESCAN
/uploads/colombia-banco-de-la-republica-1000-pesos-2004-02-17.webp,webp,102552,100.1,564,565,
/uploads/colombia-banco-de-la-republica-1000-pesos-2005-03-02-640.webp,webp,99388,97.1,640,639,
/uploads/colombia-banco-de-la-republica-1000-pesos-2005-03-02.jpg,jpg,110241,107.7,564,563,RESCAN
/uploads/colombia-banco-de-la-republica-1000-pesos-2005-03-02.webp,webp,99934,97.6,564,563,
/uploads/colombia-banco-de-la-republica-1000-pesos-2005-03-03-640.webp,webp,99756,97.4,640,639,
/uploads/colombia-banco-de-la-republica-1000-pesos-2005-03-03.jpg,jpg,110513,107.9,564,563,RESCAN
/uploads/colombia-banco-de-la-republica-1000-pesos-2005-03-03.webp,webp,102110,99.7,564,563,
/uploads/colombia-banco-de-la-republica-1000-pesos-2005-11-640.webp,webp,95044,92.8,640,635,
/uploads/colombia-banco-de-la-republica-1000-pesos-2005-11.jpg,jpg,106937,104.4,564,560,RESCAN
/uploads/colombia-banco-de-la-republica-1000-pesos-2005-11.webp,webp,98028,95.7,564,560,
/uploads/colombia-banco-de-la-republica-1000-pesos-2006-640.webp,webp,97482,95.2,640,639,
/uploads/colombia-banco-de-la-republica-1000-pesos-2006.jpg,jpg,108675,106.1,564,563,RESCAN
/uploads/colombia-banco-de-la-republica-1000-pesos-2006.webp,webp,100284,97.9,564,563,
/uploads/colombia-banco-de-la-republica-10000-pesos-1994-embera-specimen.jpg,jpg,117354,114.6,564,564,RESCAN
/uploads/colombia-banco-de-la-republica-10000-pesos-1994-embera-specimen.webp,webp,106782,104.3,564,564,
/uploads/colombia-banco-de-la-republica-10000-pesos-1995-la-pola-specimen.jpg,jpg,102118,99.7,564,557,RESCAN
/uploads/colombia-banco-de-la-republica-10000-pesos-1995-la-pola-specimen.webp,webp,92036,89.9,564,557,
/uploads/colombia-banco-de-la-republica-2-pesos-oro-1947-640.jpg,jpg,129516,126.5,640,646,RESCAN
/uploads/colombia-banco-de-la-republica-2-pesos-oro-1947-640.webp,webp,112630,110.0,640,646,
/uploads/colombia-banco-de-la-republica-2-pesos-oro-1947.jpg,jpg,125230,122.3,564,569,RESCAN
/uploads/colombia-banco-de-la-republica-2-pesos-oro-1947.webp,webp,116416,113.7,564,569,
/uploads/colombia-banco-de-la-republica-2-pesos-oro-1972-specimen-640.webp,webp,103056,100.6,640,634,
/uploads/colombia-banco-de-la-republica-2-pesos-oro-1972-specimen.jpg,jpg,120723,117.9,564,559,RESCAN
/uploads/colombia-banco-de-la-republica-2-pesos-oro-1972-specimen.webp,webp,105914,103.4,564,559,
/uploads/colombia-banco-de-la-republica-200-pesos-oro-1982-specimen-640.webp,webp,105922,103.4,640,643,
/uploads/colombia-banco-de-la-republica-200-pesos-oro-1982-specimen.jpg,jpg,115592,112.9,564,567,RESCAN
/uploads/colombia-banco-de-la-republica-200-pesos-oro-1982-specimen.webp,webp,105920,103.4,564,567,
/uploads/colombia-banco-de-la-republica-200-pesos-oro-1983-specimen-640.webp,webp,105264,102.8,640,645,
/uploads/colombia-banco-de-la-republica-200-pesos-oro-1983-specimen.jpg,jpg,115162,112.5,564,568,RESCAN
/uploads/colombia-banco-de-la-republica-200-pesos-oro-1983-specimen.webp,webp,108050,105.5,564,568,
/uploads/colombia-banco-de-la-republica-200-pesos-oro-1992-specimen-640.webp,webp,99980,97.6,640,637,
/uploads/colombia-banco-de-la-republica-200-pesos-oro-1992-specimen.jpg,jpg,110015,107.4,564,561,RESCAN
/uploads/colombia-banco-de-la-republica-200-pesos-oro-1992-specimen.webp,webp,100890,98.5,564,561,
/uploads/colombia-banco-de-la-republica-2000-pesos-1996-error-mariposa.jpg,jpg,85735,83.7,564,558,RESCAN
/uploads/colombia-banco-de-la-republica-2000-pesos-1996-error-mariposa.webp,webp,77036,75.2,564,558,
/uploads/colombia-banco-de-la-republica-2000-pesos-oro-1983-specimen.jpg,jpg,132227,129.1,564,578,RESCAN
/uploads/colombia-banco-de-la-republica-2000-pesos-oro-1983-specimen.webp,webp,129018,126.0,564,578,
/uploads/colombia-banco-de-la-republica-2000-pesos-oro-1984-specimen.jpg,jpg,121102,118.3,564,563,RESCAN
/uploads/colombia-banco-de-la-republica-2000-pesos-oro-1984-specimen.webp,webp,113604,110.9,564,563,
/uploads/colombia-banco-de-la-republica-2000-pesos-oro-1985-specimen-640.jpg,jpg,87703,85.6,564,560,RESCAN
/uploads/colombia-banco-de-la-republica-2000-pesos-oro-1985-specimen.jpg,jpg,120683,117.9,564,560,RESCAN
/uploads/colombia-banco-de-la-republica-2000-pesos-oro-1985-specimen.webp,webp,113814,111.1,564,560,
/uploads/colombia-banco-de-la-republica-2000-pesos-oro-1986-specimen.jpg,jpg,120801,118.0,564,560,RESCAN
/uploads/colombia-banco-de-la-republica-2000-pesos-oro-1986-specimen.webp,webp,112498,109.9,564,560,
/uploads/colombia-banco-de-la-republica-2000-pesos-oro-1986.jpg,jpg,123623,120.7,564,571,RESCAN
/uploads/colombia-banco-de-la-republica-2000-pesos-oro-1986.webp,webp,117550,114.8,564,571,
/uploads/colombia-banco-de-la-republica-2000-pesos-oro-1993-specimen-640.jpg,jpg,127175,124.2,640,646,RESCAN
/uploads/colombia-banco-de-la-republica-2000-pesos-oro-1993-specimen-640.webp,webp,114074,111.4,640,646,
/uploads/colombia-banco-de-la-republica-2000-pesos-oro-1993-specimen.jpg,jpg,121752,118.9,564,569,RESCAN
/uploads/colombia-banco-de-la-republica-2000-pesos-oro-1993-specimen.webp,webp,116486,113.8,564,569,
/uploads/colombia-banco-de-la-republica-5-pesos-plata-1941-specimen-640.webp,webp,111890,109.3,640,641,
/uploads/colombia-banco-de-la-republica-5-pesos-plata-1941-specimen.jpg,jpg,122022,119.2,564,565,RESCAN
/uploads/colombia-banco-de-la-republica-5-pesos-plata-1941-specimen.webp,webp,114012,111.3,564,565,
/uploads/colombia-banco-de-la-republica-50-pesos-oro-1964-specimen-640.webp,webp,98978,96.7,640,646,
/uploads/colombia-banco-de-la-republica-50-pesos-oro-1964-specimen.jpg,jpg,110275,107.7,564,569,RESCAN
/uploads/colombia-banco-de-la-republica-50-pesos-oro-1964-specimen.webp,webp,100574,98.2,564,569,
/uploads/colombia-banco-de-la-republica-50-pesos-oro-1985-specimen-640.webp,webp,100818,98.5,640,649,
/uploads/colombia-banco-de-la-republica-50-pesos-oro-1985-specimen.jpg,jpg,112118,109.5,564,572,RESCAN
/uploads/colombia-banco-de-la-republica-50-pesos-oro-1985-specimen.webp,webp,102274,99.9,564,572,
/uploads/colombia-banco-de-la-republica-500-pesos-oro-1947-specimen-640.webp,webp,105990,103.5,640,645,
/uploads/colombia-banco-de-la-republica-500-pesos-oro-1947-specimen.jpg,jpg,116048,113.3,564,568,RESCAN
/uploads/colombia-banco-de-la-republica-500-pesos-oro-1947-specimen.webp,webp,105466,103.0,564,568,
/uploads/colombia-banco-de-la-republica-500-pesos-oro-1984-specimen-640.webp,webp,107196,104.7,640,645,
/uploads/colombia-banco-de-la-republica-500-pesos-oro-1984-specimen.jpg,jpg,116756,114.0,564,568,RESCAN
/uploads/colombia-banco-de-la-republica-500-pesos-oro-1984-specimen.webp,webp,108866,106.3,564,568,
/uploads/colombia-banco-de-la-republica-500-pesos-oro-1989-specimen-640.webp,webp,110756,108.2,640,639,
/uploads/colombia-banco-de-la-republica-500-pesos-oro-1989-specimen.jpg,jpg,120470,117.6,564,563,RESCAN
/uploads/colombia-banco-de-la-republica-500-pesos-oro-1989-specimen.webp,webp,113144,110.5,564,563,
/uploads/colombia-banco-de-la-republica-500-pesos-oro-1993-specimen-640.webp,webp,109346,106.8,640,646,
/uploads/colombia-banco-de-la-republica-500-pesos-oro-1993-specimen.jpg,jpg,118658,115.9,564,569,RESCAN
/uploads/colombia-banco-de-la-republica-500-pesos-oro-1993-specimen.webp,webp,110784,108.2,564,569,
/uploads/colombia-banco-de-la-republica-5000-pesos-oro-1986-specimen.jpg,jpg,114389,111.7,564,563,RESCAN
/uploads/colombia-banco-de-la-republica-5000-pesos-oro-1986-specimen.webp,webp,106448,104.0,564,563,
/uploads/colombia-banco-de-la-republica-5000-pesos-oro-1987-specimen.jpg,jpg,120387,117.6,564,571,RESCAN
/uploads/colombia-banco-de-la-republica-5000-pesos-oro-1987-specimen.webp,webp,112510,109.9,564,571,
/uploads/colombia-banco-de-la-republica-5000-pesos-oro-1993-specimen-640.jpg,jpg,126014,123.1,640,643,RESCAN
/uploads/colombia-banco-de-la-republica-5000-pesos-oro-1993-specimen-640.webp,webp,111932,109.3,640,643,
/uploads/colombia-banco-de-la-republica-5000-pesos-oro-1993-specimen.jpg,jpg,119420,116.6,564,567,RESCAN
/uploads/colombia-banco-de-la-republica-5000-pesos-oro-1993-specimen.webp,webp,112172,109.5,564,567,
/uploads/colombia-banco-de-la-republica-50000-pesos-error.jpg,jpg,73430,71.7,564,490,RESCAN
/uploads/colombia-banco-de-la-republica-50000-pesos-error.webp,webp,66972,65.4,564,490,
/uploads/colombia-banco-de-la-republica-medio-peso-oro-1948-specimen.jpg,jpg,120297,117.5,564,558,RESCAN
/uploads/colombia-banco-de-la-republica-medio-peso-oro-1948-specimen.webp,webp,110718,108.1,564,558,
/uploads/colombia-banco-de-la-union-10-pesos-1883.jpg,jpg,113607,110.9,564,519,RESCAN
/uploads/colombia-banco-de-la-union-10-pesos-1883.webp,webp,107918,105.4,564,519,
/uploads/colombia-banco-de-la-union-5-pesos-1883.jpg,jpg,121001,118.2,564,511,RESCAN
/uploads/colombia-banco-de-la-union-5-pesos-1883.webp,webp,114594,111.9,564,511,
/uploads/colombia-banco-de-medellin-50-centavos-640.webp,webp,103512,101.1,564,542,
/uploads/colombia-banco-de-medellin-50-centavos.jpg,jpg,125272,122.3,564,542,RESCAN
/uploads/colombia-banco-de-medellin-50-centavos.webp,webp,123234,120.3,564,542,
/uploads/colombia-banco-de-oriente-5-pesos-1888.jpg,jpg,82614,80.7,564,664,RESCAN
/uploads/colombia-banco-de-oriente-5-pesos-1888.webp,webp,70340,68.7,564,664,
/uploads/colombia-banco-de-pamplona-1-peso-1883.jpg,jpg,146924,143.5,564,654,RESCAN
/uploads/colombia-banco-de-pamplona-1-peso-1883.webp,webp,146566,143.1,564,654,
/uploads/colombia-banco-de-pamplona-10-pesos-1884-640.webp,webp,169886,165.9,640,733,
/uploads/colombia-banco-de-pamplona-10-pesos-1884-no2304.jpg,jpg,152244,148.7,564,651,RESCAN
/uploads/colombia-banco-de-pamplona-10-pesos-1884-no2304.webp,webp,149576,146.1,564,651,
/uploads/colombia-banco-de-pamplona-10-pesos-1884.jpg,jpg,1172335,1144.9,1816,2079,
/uploads/colombia-banco-de-pamplona-10-pesos-1884.webp,webp,1084444,1059.0,1816,2079,
/uploads/colombia-banco-de-panama-1-peso.jpg,jpg,117249,114.5,564,529,RESCAN
/uploads/colombia-banco-de-panama-1-peso.webp,webp,103044,100.6,564,529,
/uploads/colombia-banco-de-panama-5-pesos.jpg,jpg,160458,156.7,564,654,RESCAN
/uploads/colombia-banco-de-panama-5-pesos.webp,webp,145094,141.7,564,654,
/uploads/colombia-banco-del-cauca-1-peso-1888.jpg,jpg,116397,113.7,564,490,RESCAN
/uploads/colombia-banco-del-cauca-1-peso-1888.webp,webp,104806,102.3,564,490,
/uploads/colombia-banco-del-cauca-5-pesos-1888.jpg,jpg,105800,103.3,564,480,RESCAN
/uploads/colombia-banco-del-cauca-5-pesos-1888.webp,webp,91332,89.2,564,480,
/uploads/colombia-banco-del-norte-5-pesos-1882.jpg,jpg,91681,89.5,564,580,RESCAN
/uploads/colombia-banco-del-norte-5-pesos-1882.webp,webp,80238,78.4,564,580,
/uploads/colombia-banco-internacional-1-peso-1884.jpg,jpg,123876,121.0,564,512,RESCAN
/uploads/colombia-banco-internacional-1-peso-1884.webp,webp,119624,116.8,564,512,
/uploads/colombia-banco-internacional-10-pesos-1884.jpg,jpg,122481,119.6,564,483,RESCAN
/uploads/colombia-banco-internacional-10-pesos-1884.webp,webp,119706,116.9,564,483,
/uploads/colombia-banco-nacional-1-peso-1899-serie-o.jpg,jpg,169700,165.7,564,643,RESCAN
/uploads/colombia-banco-nacional-1-peso-1899-serie-o.webp,webp,168968,165.0,564,643,
/uploads/colombia-banco-nacional-1-peso-1900.jpg,jpg,153620,150.0,564,668,RESCAN
/uploads/colombia-banco-nacional-1-peso-1900.webp,webp,146768,143.3,564,668,
/uploads/colombia-banco-nacional-10-centavos-1885-serie-d.jpg,jpg,127014,124.0,564,548,RESCAN
/uploads/colombia-banco-nacional-10-centavos-1885-serie-d.webp,webp,121408,118.6,564,548,
/uploads/colombia-banco-nacional-10-centavos-1893-serie-gamma.jpg,jpg,139419,136.2,564,576,RESCAN
/uploads/colombia-banco-nacional-10-centavos-1893-serie-gamma.webp,webp,135298,132.1,564,576,
/uploads/colombia-banco-nacional-10-centavos-1893-specimen.jpg,jpg,127724,124.7,564,564,RESCAN
/uploads/colombia-banco-nacional-10-centavos-1893-specimen.webp,webp,120818,118.0,564,564,
/uploads/colombia-banco-nacional-10-centavos-1899-serie-h.jpg,jpg,155752,152.1,564,745,RESCAN
/uploads/colombia-banco-nacional-10-centavos-1899-serie-h.webp,webp,143576,140.2,564,745,
/uploads/colombia-banco-nacional-10-pesos-1900.jpg,jpg,117596,114.8,564,515,RESCAN
/uploads/colombia-banco-nacional-10-pesos-1900.webp,webp,112102,109.5,564,515,
/uploads/colombia-banco-nacional-20-centavos-1900.jpg,jpg,135693,132.5,564,600,RESCAN
/uploads/colombia-banco-nacional-20-centavos-1900.webp,webp,131042,128.0,564,600,
/uploads/colombia-banco-nacional-20-pesos-1900.jpg,jpg,117169,114.4,564,516,RESCAN
/uploads/colombia-banco-nacional-20-pesos-1900.webp,webp,110774,108.2,564,516,
/uploads/colombia-banco-nacional-25-pesos-1895.jpg,jpg,113108,110.5,564,469,RESCAN
/uploads/colombia-banco-nacional-25-pesos-1895.webp,webp,109452,106.9,564,469,
/uploads/colombia-banco-nacional-5-pesos-1899.jpg,jpg,120800,118.0,564,489,RESCAN
/uploads/colombia-banco-nacional-5-pesos-1899.webp,webp,121336,118.5,564,489,
/uploads/colombia-banco-nacional-50-pesos-1900.jpg,jpg,115453,112.7,564,525,RESCAN
/uploads/colombia-banco-nacional-50-pesos-1900.webp,webp,111318,108.7,564,525,
/uploads/colombia-banco-union-cartagena-1-peso-1880s.jpg,jpg,116729,114.0,564,535,RESCAN
/uploads/colombia-banco-union-cartagena-1-peso-1880s.webp,webp,104292,101.8,564,535,
/uploads/colombia-boyaca-libranza-500-pesos-1883.jpg,jpg,115445,112.7,564,606,RESCAN
/uploads/colombia-boyaca-libranza-500-pesos-1883.webp,webp,104872,102.4,564,606,
/uploads/colombia-cartagena-1-real-1813.jpg,jpg,52403,51.2,564,863,RESCAN
/uploads/colombia-cartagena-1-real-1813.webp,webp,37466,36.6,564,863,
/uploads/colombia-departamento-de-antioquia-10-centavos-1961.jpg,jpg,133500,130.4,564,642,RESCAN
/uploads/colombia-departamento-de-antioquia-10-centavos-1961.webp,webp,126846,123.9,564,642,
/uploads/colombia-departamento-de-antioquia-20-centavos-1901.jpg,jpg,170967,167.0,564,757,RESCAN
/uploads/colombia-departamento-de-antioquia-20-centavos-1901.webp,webp,164880,161.0,564,757,
/uploads/colombia-estado-soberano-cauca-5-pesos-1882.jpg,jpg,87038,85.0,564,498,RESCAN
/uploads/colombia-estado-soberano-cauca-5-pesos-1882.webp,webp,74114,72.4,564,498,
/uploads/colombia-estado-soberano-cundinamarca-1-peso-1870.jpg,jpg,140125,136.8,564,570,RESCAN
/uploads/colombia-estado-soberano-cundinamarca-1-peso-1870.webp,webp,131196,128.1,564,570,
/uploads/colombia-estado-soberano-panama-3-pesos-1865.jpg,jpg,77007,75.2,564,437,RESCAN
/uploads/colombia-estado-soberano-panama-3-pesos-1865.webp,webp,59168,57.8,564,437,
/uploads/colombia-nueva-granada-1-peso-1861-640.webp,webp,50730,49.5,640,548,
/uploads/colombia-nueva-granada-1-peso-1861.jpg,jpg,62629,61.2,564,483,RESCAN
/uploads/colombia-nueva-granada-1-peso-1861.webp,webp,53586,52.3,564,483,
/uploads/colombia-papel-sellado-un-real-1821.jpg,jpg,193024,188.5,654,910,RESCAN
/uploads/colombia-papel-sellado-un-real-1821.webp,webp,165880,162.0,654,910,
/uploads/colombia-republica-1904-1-peso.jpg,jpg,125983,123.0,564,566,RESCAN
/uploads/colombia-republica-1904-1-peso.webp,webp,109884,107.3,564,566,
/uploads/colombia-republica-1904-10-pesos.jpg,jpg,115578,112.9,564,515,RESCAN
/uploads/colombia-republica-1904-10-pesos.webp,webp,101068,98.7,564,515,
/uploads/colombia-republica-1904-2-pesos.jpg,jpg,133175,130.1,564,580,RESCAN
/uploads/colombia-republica-1904-2-pesos.webp,webp,114506,111.8,564,580,
/uploads/colombia-republica-1904-25-pesos.jpg,jpg,132618,129.5,564,595,RESCAN
/uploads/colombia-republica-1904-25-pesos.webp,webp,113758,111.1,564,595,
/uploads/colombia-republica-1904-5-pesos.jpg,jpg,143409,140.0,564,621,RESCAN
/uploads/colombia-republica-1904-5-pesos.webp,webp,125886,122.9,564,621,
/uploads/colombia-republica-1904-50-pesos.jpg,jpg,121370,118.5,564,529,RESCAN
/uploads/colombia-republica-1904-50-pesos.webp,webp,105128,102.7,564,529,
/uploads/colombia-republica-1910-100-pesos.jpg,jpg,138724,135.5,564,592,RESCAN
/uploads/colombia-republica-1910-100-pesos.webp,webp,133092,130.0,564,592,
/uploads/colombia-republica-1915-2-pesos-oro.jpg,jpg,122967,120.1,564,547,RESCAN
/uploads/colombia-republica-1915-2-pesos-oro.webp,webp,119004,116.2,564,547,
/uploads/colombia-republica-1915-5-pesos-oro.jpg,jpg,118134,115.4,564,564,RESCAN
/uploads/colombia-republica-1915-5-pesos-oro.webp,webp,109804,107.2,564,564,
/uploads/colombia-republica-bolivar-1-peso-1882.jpg,jpg,70442,68.8,564,484,RESCAN
/uploads/colombia-republica-bolivar-1-peso-1882.webp,webp,52390,51.2,564,484,
/uploads/colombia-republica-bolivar-2-pesos-1882.jpg,jpg,64694,63.2,564,431,RESCAN
/uploads/colombia-republica-bolivar-2-pesos-1882.webp,webp,48268,47.1,564,431,
/uploads/colombia-vicente-villa-e-hijos-5-pesos.jpg,jpg,143675,140.3,564,569,RESCAN
/uploads/colombia-vicente-villa-e-hijos-5-pesos.webp,webp,143272,139.9,564,569,
/uploads/Colombia10pesos_1960.jpg,jpg,450091,439.5,564,571,RESCAN
/uploads/Colombia10Pesos-12Octubrede1949.jpg,jpg,479670,468.4,564,589,RESCAN
/uploads/Colombia10Pesos1deEnero1953.jpg,jpg,466916,456.0,564,563,RESCAN
/uploads/Colombia10Pesos211961.jpg,jpg,460372,449.6,564,560,RESCAN
/uploads/Colombia2000_1983_SPECIMEN.jpg,jpg,490330,478.8,564,578,RESCAN
/uploads/Colombia2000pesos_error2005.jpg,jpg,106110,103.6,564,687,RESCAN
/uploads/costarica-bccr-1000-colones-2011-polimero.jpg,jpg,119202,116.4,564,596,RESCAN
/uploads/costarica-bccr-1000-colones-2011-polimero.webp,webp,119110,116.3,564,596,
/uploads/costarica-bccr-20-colones-1983-tyvek.jpg,jpg,103270,100.8,564,476,RESCAN
/uploads/costarica-bccr-20-colones-1983-tyvek.webp,webp,98346,96.0,564,476,
/uploads/CostaRica1000.jpg,jpg,643751,628.7,564,596,RESCAN
/uploads/CostaRica20.jpg,jpg,460820,450.0,564,476,RESCAN
/uploads/diferencia-numismatica-notafilia-640.jpg,jpg,82942,81.0,640,960,RESCAN
/uploads/diferencia-numismatica-notafilia-640.webp,webp,62552,61.1,640,960,
/uploads/diferencia-numismatica-notafilia.jpg,jpg,115580,112.9,768,1152,RESCAN
/uploads/diferencia-numismatica-notafilia.webp,webp,85856,83.8,768,1152,
/uploads/doblones-coloniales-oro-360.png,png,233374,227.9,360,344,RESCAN
/uploads/doblones-coloniales-oro-360.webp,webp,42544,41.5,360,344,
/uploads/doblones-coloniales-oro.png,png,447520,437.0,511,488,RESCAN
/uploads/doblones-coloniales-oro.webp,webp,80118,78.2,511,488,
/uploads/dominicana-bcrd-20-pesos-2009-polimero.jpg,jpg,130834,127.8,654,577,RESCAN
/uploads/dominicana-bcrd-20-pesos-2009-polimero.webp,webp,129498,126.5,654,577,
/uploads/DominicanRepublic20pesos.jpg,jpg,705000,688.5,654,577,RESCAN
/uploads/ecuador-banco-central-100-sucres-1993-serial-00000002.jpg,jpg,79389,77.5,564,483,RESCAN
/uploads/ecuador-banco-central-100-sucres-1993-serial-00000002.webp,webp,88338,86.3,564,483,
/uploads/ecuador-banco-central-100-sucres-1993-serial-00000003-640.jpg,jpg,68629,67.0,564,482,RESCAN
/uploads/ecuador-banco-central-100-sucres-1993-serial-00000003-640.webp,webp,74516,72.8,564,482,
/uploads/ecuador-banco-central-100-sucres-1993-serial-00000003.jpg,jpg,77132,75.3,564,482,RESCAN
/uploads/ecuador-banco-central-100-sucres-1993-serial-00000003.webp,webp,84618,82.6,564,482,
/uploads/El Banco de Caldas 1 peso.jpg,jpg,98471,96.2,564,590,RESCAN
/uploads/ElBancoColombiano_Guatemala_1peso.jpg,jpg,127999,125.0,564,596,RESCAN
/uploads/ElBancoDeColombia_100pesos.jpg,jpg,176668,172.5,564,697,RESCAN
/uploads/ElBancoDelCauca1peso.jpg,jpg,138753,135.5,564,490,RESCAN
/uploads/ElBancoDelCauca5pesos.jpg,jpg,123813,120.9,564,480,RESCAN
/uploads/ElBancoDelNorte_5pesos.jpg,jpg,99218,96.9,564,580,RESCAN
/uploads/ElBancoDePamplona_10Pesos_2firmas.jpg,jpg,3686952,3600.5,1816,2079,
/uploads/ElBancoDePamplona_10pesos_v2.jpg,jpg,169011,165.0,564,651,RESCAN
/uploads/ElBancoDePamplona_1peso.jpg,jpg,193373,188.8,564,654,RESCAN
/uploads/ElBancoDePanama_1peso.jpg,jpg,134046,130.9,564,529,RESCAN
/uploads/ElBancoDePanama_5pesos.jpg,jpg,192094,187.6,564,654,RESCAN
/uploads/ElBancoUnion_1peso.jpg,jpg,132848,129.7,564,535,RESCAN
/uploads/ElEstadoSoberanoDelCauca_5pesos.jpg,jpg,89824,87.7,564,498,RESCAN
/uploads/Estados Unidos de Nueva Granada 1 peso.jpeg,jpeg,69933,68.3,564,483,RESCAN
/uploads/EstadoSoberanoDePanama3Pesos.jpg,jpg,82761,80.8,564,437,RESCAN
/uploads/EstadosUnidos100dolares1966.jpg,jpg,107533,105.0,564,481,RESCAN
/uploads/EstadosUnidosDeColombia_1peso.jpg,jpg,150903,147.4,564,570,RESCAN
/uploads/FB_IMG_1563749699343.jpg,jpg,76308,74.5,564,483,RESCAN
/uploads/FB_IMG_1563749703181.jpg,jpg,74266,72.5,564,482,RESCAN
/uploads/FederalReserve100dolares1990.jpg,jpg,99675,97.3,564,487,RESCAN
/uploads/Food Coupon $1.png,png,2805955,2740.2,1353,1162,
/uploads/francisco-de-paula-santander.jpg,jpg,182329,178.1,1000,1137,RESCAN
/uploads/francisco-de-paula-santander.webp,webp,144990,141.6,1000,1137,
/uploads/franklin-portrait-duplessis-v2.jpg,jpg,193687,189.1,960,1171,RESCAN
/uploads/Gilbert_Stuart_Williamstown_Portrait_of_George_Washington.jpg,jpg,192411,187.9,960,1166,RESCAN
/uploads/Gori Test Banknote.jpg,jpg,1624574,1586.5,1873,1681,
/uploads/guatemala-banco-colombiano-1-peso-1900.jpg,jpg,117463,114.7,564,596,RESCAN
/uploads/guatemala-banco-colombiano-1-peso-1900.webp,webp,96014,93.8,564,596,
/uploads/guatemala-banco-de-guatemala-1-quetzal-2007-polimero.jpg,jpg,85724,83.7,564,482,RESCAN
/uploads/guatemala-banco-de-guatemala-1-quetzal-2007-polimero.webp,webp,72716,71.0,564,482,
/uploads/guatemala-banco-de-guatemala-5-quetzales-2011-polimero.jpg,jpg,88164,86.1,564,484,RESCAN
/uploads/guatemala-banco-de-guatemala-5-quetzales-2011-polimero.webp,webp,79986,78.1,564,484,
/uploads/Guatemala1Quezal.jpg,jpg,407350,397.8,564,482,RESCAN
/uploads/Guatemala5Quezal.jpg,jpg,98442,96.1,564,484,RESCAN
/uploads/GuerraCivil_10centavos.jpg,jpg,193390,188.9,564,745,RESCAN
/uploads/GuerraCivil_10pesos_1.jpg,jpg,131715,128.6,564,515,RESCAN
/uploads/GuerraCivil_1Peso_1.jpg,jpg,170651,166.7,564,668,RESCAN
/uploads/GuerraCivil_1Peso.jpg,jpg,195472,190.9,564,643,RESCAN
/uploads/GuerraCivil_20centavos.jpg,jpg,156636,153.0,564,600,RESCAN
/uploads/GuerraCivil_20pesos_1.jpg,jpg,130256,127.2,564,516,RESCAN
/uploads/GuerraCivil_50pesos_1.jpg,jpg,132457,129.4,564,525,RESCAN
/uploads/GuerraCivil_5pesos_1.jpg,jpg,140275,137.0,564,489,RESCAN
/uploads/Hagerstown Bank 5 dollars.jpeg,jpeg,57895,56.5,564,472,RESCAN
/uploads/hagerstown-bank-maryland-10-dollars-640.webp,webp,38242,37.3,640,548,
/uploads/hagerstown-bank-maryland-10-dollars.jpg,jpg,51371,50.2,564,483,RESCAN
/uploads/hagerstown-bank-maryland-10-dollars.webp,webp,41244,40.3,564,483,
/uploads/hagerstown-bank-maryland-5-dollars-640.webp,webp,40634,39.7,640,536,
/uploads/hagerstown-bank-maryland-5-dollars.jpg,jpg,53171,51.9,564,472,RESCAN
/uploads/hagerstown-bank-maryland-5-dollars.webp,webp,44008,43.0,564,472,
/uploads/Haggerstown Bank Ten Dollars.jpeg,jpeg,56143,54.8,564,483,RESCAN
/uploads/haiti-brh-1-gourde-1980-tyvek.jpg,jpg,133982,130.8,564,555,RESCAN
/uploads/haiti-brh-1-gourde-1980-tyvek.webp,webp,132294,129.2,564,555,
/uploads/haiti-brh-2-gourdes-1980-tyvek.jpg,jpg,141478,138.2,564,555,RESCAN
/uploads/haiti-brh-2-gourdes-1980-tyvek.webp,webp,138488,135.2,564,555,
/uploads/haiti-brh-50-gourdes-1980-tyvek.jpg,jpg,111305,108.7,564,484,RESCAN
/uploads/haiti-brh-50-gourdes-1980-tyvek.webp,webp,105468,103.0,564,484,
/uploads/Haiti1.jpg,jpg,583504,569.8,564,555,RESCAN
/uploads/Haiti2.jpg,jpg,616380,601.9,564,555,RESCAN
/uploads/Haiti50.jpg,jpg,493017,481.5,564,484,RESCAN
/uploads/hero-engraving-01-480.webp,webp,44874,43.8,480,360,
/uploads/hero-engraving-01-640.webp,webp,55820,54.5,640,480,
/uploads/hero-engraving-01.jpg,jpg,107035,104.5,900,675,RESCAN
/uploads/hero-engraving-01.webp,webp,90198,88.1,900,675,
/uploads/hero-slide-brasil-10-480.jpg,jpg,31420,30.7,480,178,RESCAN
/uploads/hero-slide-brasil-10-480.webp,webp,32674,31.9,480,178,
/uploads/hero-slide-brasil-10-768.jpg,jpg,98849,96.5,768,284,RESCAN
/uploads/hero-slide-brasil-10-768.webp,webp,106680,104.2,768,284,
/uploads/hero-slide-brasil-10.jpg,jpg,176795,172.7,972,360,RESCAN
/uploads/hero-slide-brasil-10.webp,webp,190322,185.9,972,360,
/uploads/hero-slide-guatemala-quetzal-480.jpg,jpg,27928,27.3,480,178,RESCAN
/uploads/hero-slide-guatemala-quetzal-480.webp,webp,26228,25.6,480,178,
/uploads/hero-slide-guatemala-quetzal-768.jpg,jpg,83056,81.1,768,284,RESCAN
/uploads/hero-slide-guatemala-quetzal-768.webp,webp,82464,80.5,768,284,
/uploads/hero-slide-guatemala-quetzal.jpg,jpg,141006,137.7,972,360,RESCAN
/uploads/hero-slide-guatemala-quetzal.webp,webp,141262,138.0,972,360,
/uploads/hero-slide-mexico-tren-480.webp,webp,29448,28.8,480,178,
/uploads/hero-slide-mexico-tren-768.webp,webp,99086,96.8,768,284,
/uploads/hero-slide-mexico-tren.jpg,jpg,168176,164.2,972,360,RESCAN
/uploads/hero-slide-mexico-tren.webp,webp,183540,179.2,972,360,
/uploads/hero-slide-oman-sultan-480.jpg,jpg,30611,29.9,480,178,RESCAN
/uploads/hero-slide-oman-sultan-480.webp,webp,30626,29.9,480,178,
/uploads/hero-slide-oman-sultan-768.jpg,jpg,92291,90.1,768,284,RESCAN
/uploads/hero-slide-oman-sultan-768.webp,webp,95396,93.2,768,284,
/uploads/hero-slide-oman-sultan.jpg,jpg,157622,153.9,972,360,RESCAN
/uploads/hero-slide-oman-sultan.webp,webp,163648,159.8,972,360,
/uploads/honduras-bch-20-lempiras-2008-polimero-640.webp,webp,73918,72.2,640,550,
/uploads/honduras-bch-20-lempiras-2008-polimero.jpg,jpg,403386,393.9,1353,1163,
/uploads/honduras-bch-20-lempiras-2008-polimero.webp,webp,358042,349.7,1353,1163,
/uploads/HongKong-10dollars-polymer.jpg,jpg,378470,369.6,564,546,RESCAN
/uploads/hongkong-hkma-10-dollars-2007-polimero.jpg,jpg,98985,96.7,564,546,RESCAN
/uploads/hongkong-hkma-10-dollars-2007-polimero.webp,webp,83382,81.4,564,546,
/uploads/Isidoro_salcedo-Retrato_de_Alejandro_Ramirez.jpg,jpg,138868,135.6,903,1388,RESCAN
/uploads/José Germán Gutiérrez de Piñeres y Cárcamo.jpg,jpg,118346,115.6,963,1200,RESCAN
/uploads/José_Morales_Lemus.jpg,jpg,538316,525.7,768,1015,RESCAN
/uploads/jose-german-gutierrez-de-pineres-640.webp,webp,62376,60.9,640,798,
/uploads/jose-german-gutierrez-de-pineres.jpg,jpg,144813,141.4,963,1200,RESCAN
/uploads/jose-german-gutierrez-de-pineres.webp,webp,128448,125.4,963,1200,
/uploads/jose-morales-lemus-640.webp,webp,138746,135.5,640,846,
/uploads/jose-morales-lemus.jpg,jpg,208919,204.0,768,1015,RESCAN
/uploads/jose-morales-lemus.webp,webp,200216,195.5,768,1015,
/uploads/Joseph_Siffrein_Duplessis_-_Benjamin_Franklin_-_Google_Art_Project.jpg,jpg,197811,193.2,960,1171,RESCAN
/uploads/jsg-boggs.jpg,jpg,190414,186.0,1140,797,RESCAN
/uploads/jsg-boggs.webp,webp,179868,175.7,1140,797,
/uploads/Junta Central Republica de Cuba y Puerto Rico.jpeg,jpeg,68438,66.8,564,586,RESCAN
/uploads/Kazajistán---1000-Tenge---Híbridos.jpg,jpg,137300,134.1,564,592,RESCAN
/uploads/kazajistan-1000-tenge-2010-hibrido.jpg,jpg,113172,110.5,564,592,RESCAN
/uploads/kazajistan-1000-tenge-2010-hibrido.webp,webp,106584,104.1,564,592,
/uploads/La Republica de Cuba - Junta Central Republican de Cuba y Puerto Rico.jpeg,jpeg,54196,52.9,564,494,RESCAN
/uploads/LaRepublicaDeColombia_100pesos.jpg,jpg,170792,166.8,564,592,RESCAN
/uploads/LaRepublicaDeColombia_2pesos.jpg,jpg,147153,143.7,564,547,RESCAN
/uploads/LaRepublicaDeColombia_5pesos.jpg,jpg,146001,142.6,564,564,RESCAN
/uploads/Libranzas_Chiquinquira.jpg,jpg,125225,122.3,564,606,RESCAN
/uploads/Malaysia_5.jpg,jpg,91996,89.8,564,542,RESCAN
/uploads/Malaysia_50.jpg,jpg,139015,135.8,564,562,RESCAN
/uploads/malaysia-bank-negara-5-ringgit-2004-polimero.jpg,jpg,80250,78.4,564,542,RESCAN
/uploads/malaysia-bank-negara-5-ringgit-2004-polimero.webp,webp,69856,68.2,564,542,
/uploads/malaysia-bank-negara-50-ringgit-1998-polimero.jpg,jpg,112144,109.5,564,562,RESCAN
/uploads/malaysia-bank-negara-50-ringgit-1998-polimero.webp,webp,103510,101.1,564,562,
/uploads/malietoa-tanumafili-retrato.jpg,jpg,76669,74.9,761,956,RESCAN
/uploads/malietoa-tanumafili-retrato.webp,webp,38652,37.7,761,956,
/uploads/manuel-rodriguez-retrato.jpg,jpg,29354,28.7,340,326,RESCAN
/uploads/manuel-rodriguez-retrato.webp,webp,33412,32.6,340,326,
/uploads/mexico-banco-de-mexico-100-pesos-2010-polimero.jpg,jpg,113660,111.0,564,553,RESCAN
/uploads/mexico-banco-de-mexico-100-pesos-2010-polimero.webp,webp,114122,111.4,564,553,
/uploads/mexico-banco-de-mexico-20-pesos-2003-papel.jpg,jpg,125034,122.1,564,572,RESCAN
/uploads/mexico-banco-de-mexico-20-pesos-2003-papel.webp,webp,120736,117.9,564,572,
/uploads/mexico-banco-de-mexico-20-pesos-2006-polimero.jpg,jpg,127798,124.8,564,623,RESCAN
/uploads/mexico-banco-de-mexico-20-pesos-2006-polimero.webp,webp,129878,126.8,564,623,
/uploads/mexico-banco-de-mexico-50-pesos-2005-polimero.jpg,jpg,113386,110.7,564,586,RESCAN
/uploads/mexico-banco-de-mexico-50-pesos-2005-polimero.webp,webp,112654,110.0,564,586,
/uploads/mexico100.jpg,jpg,789125,770.6,972,360,RESCAN
/uploads/Mexico100pesos.jpg,jpg,595570,581.6,564,553,RESCAN
/uploads/Mexico202006.jpg,jpg,686891,670.8,564,623,RESCAN
/uploads/Mexico20x.jpg,jpg,568710,555.4,564,572,RESCAN
/uploads/Mexico50pesos.jpg,jpg,586739,573.0,564,586,RESCAN
/uploads/Ministerio de Ultramar.jpeg,jpeg,92922,90.7,564,588,RESCAN
/uploads/moneda-10-pesos-octogonal-chile-1992-640.jpg,jpg,69026,67.4,640,645,RESCAN
/uploads/moneda-10-pesos-octogonal-chile-1992-640.webp,webp,47974,46.8,640,645,
/uploads/moneda-10-pesos-octogonal-chile-1992.jpg,jpg,61653,60.2,547,551,RESCAN
/uploads/moneda-10-pesos-octogonal-chile-1992.webp,webp,51590,50.4,547,551,
/uploads/moneda-2-euros-grace-kelly-640.jpg,jpg,63783,62.3,640,360,RESCAN
/uploads/moneda-2-euros-grace-kelly-640.webp,webp,51958,50.7,640,360,
/uploads/moneda-2-euros-grace-kelly.jpg,jpg,126080,123.1,900,507,RESCAN
/uploads/moneda-2-euros-grace-kelly.webp,webp,100926,98.6,900,507,
/uploads/Mozambique 100 Meticais.jpg,jpg,465988,455.1,564,491,RESCAN
/uploads/Mozambique 20 Meticais.jpg,jpg,460691,449.9,564,517,RESCAN
/uploads/Mozambique 50 Meticais.jpg,jpg,477254,466.1,564,507,RESCAN
/uploads/mozambique-banco-de-mocambique-100-meticais-2011-polimero.jpg,jpg,89845,87.7,564,491,RESCAN
/uploads/mozambique-banco-de-mocambique-100-meticais-2011-polimero.webp,webp,82918,81.0,564,491,
/uploads/mozambique-banco-de-mocambique-20-meticais-2011-polimero.jpg,jpg,95668,93.4,564,517,RESCAN
/uploads/mozambique-banco-de-mocambique-20-meticais-2011-polimero.webp,webp,88128,86.1,564,517,
/uploads/mozambique-banco-de-mocambique-50-meticais-2011-polimero.jpg,jpg,90937,88.8,564,507,RESCAN
/uploads/mozambique-banco-de-mocambique-50-meticais-2011-polimero.webp,webp,81868,79.9,564,507,
/uploads/nepal-nrb-10-rupias-2005-polimero.jpg,jpg,108740,106.2,564,594,RESCAN
/uploads/nepal-nrb-10-rupias-2005-polimero.webp,webp,101774,99.4,564,594,
/uploads/New-Jersey-6-Shillings-1776.jpg,jpg,149492,146.0,564,696,RESCAN
/uploads/newjersey-6-shillings-1776-colonial.jpg,jpg,138380,135.1,564,696,RESCAN
/uploads/newjersey-6-shillings-1776-colonial.webp,webp,134098,131.0,564,696,
/uploads/nicaragua-bcn-10-cordobas-2007-polimero-640.jpg,jpg,62197,60.7,564,575,RESCAN
/uploads/nicaragua-bcn-10-cordobas-2007-polimero-640.webp,webp,89766,87.7,564,575,
/uploads/nicaragua-bcn-10-cordobas-2007-polimero.jpg,jpg,103107,100.7,564,575,RESCAN
/uploads/nicaragua-bcn-10-cordobas-2007-polimero.webp,webp,109118,106.6,564,575,
/uploads/nicaragua-bcn-20-cordobas-2007-polimero.jpg,jpg,96251,94.0,564,551,RESCAN
/uploads/nicaragua-bcn-20-cordobas-2007-polimero.webp,webp,100022,97.7,564,551,
/uploads/Nicaragua10.jpg,jpg,608962,594.7,564,575,RESCAN
/uploads/Nicaragua20.jpg,jpg,600839,586.8,564,551,RESCAN
/uploads/Nigeria_10.jpg,jpg,127726,124.7,564,625,RESCAN
/uploads/Nigeria_5.jpg,jpg,129040,126.0,564,627,RESCAN
/uploads/Nigeria_50.jpg,jpg,123330,120.4,564,635,RESCAN
/uploads/nigeria-cbn-10-naira-2009-polimero.jpg,jpg,101968,99.6,564,625,RESCAN
/uploads/nigeria-cbn-10-naira-2009-polimero.webp,webp,91974,89.8,564,625,
/uploads/nigeria-cbn-5-naira-2009-polimero.jpg,jpg,109494,106.9,564,627,RESCAN
/uploads/nigeria-cbn-5-naira-2009-polimero.webp,webp,99504,97.2,564,627,
/uploads/nigeria-cbn-50-naira-2009-polimero.jpg,jpg,110525,107.9,564,635,RESCAN
/uploads/nigeria-cbn-50-naira-2009-polimero.webp,webp,97460,95.2,564,635,
/uploads/oman-cbo-5-rials-2010-hibrido.jpg,jpg,127693,124.7,564,565,RESCAN
/uploads/oman-cbo-5-rials-2010-hibrido.webp,webp,124536,121.6,564,565,
/uploads/Oman5Riales.jpg,jpg,627092,612.4,564,565,RESCAN
/uploads/origenes-banca-comercial-colombia-banca-libre-640.jpg,jpg,41917,40.9,640,360,RESCAN
/uploads/origenes-banca-comercial-colombia-banca-libre-640.webp,webp,38304,37.4,640,360,
/uploads/origenes-banca-comercial-colombia-banca-libre.jpg,jpg,142731,139.4,1200,675,
/uploads/origenes-banca-comercial-colombia-banca-libre.webp,webp,129570,126.5,1200,675,
/uploads/origenes-banca-comercial-puerto-rico-640.jpg,jpg,39333,38.4,640,360,RESCAN
/uploads/origenes-banca-comercial-puerto-rico-640.webp,webp,35224,34.4,640,360,
/uploads/origenes-banca-comercial-puerto-rico.jpg,jpg,126930,124.0,1200,675,
/uploads/origenes-banca-comercial-puerto-rico.webp,webp,105738,103.3,1200,675,
/uploads/PapuaNuevaGuinea100Kina.jpg,jpg,138094,134.9,564,564,RESCAN
/uploads/PapuaNuevaGuinea10Kina.jpg,jpg,133479,130.4,564,563,RESCAN
/uploads/PapuaNuevaGuinea2Kina.jpg,jpg,145358,142.0,564,567,RESCAN
/uploads/PapuaNuevaGuinea50Kina.jpg,jpg,177174,173.0,564,567,RESCAN
/uploads/PapuaNuevaGuinea5Kina.jpg,jpg,109288,106.7,564,568,RESCAN
/uploads/pasted-1783649349281-0.png,png,35716,34.9,648,450,RESCAN
/uploads/pennsylvania-colonial-2s6d-1773-640.webp,webp,85418,83.4,640,962,
/uploads/pennsylvania-colonial-2s6d-1773.jpg,jpg,107135,104.6,564,848,RESCAN
/uploads/pennsylvania-colonial-2s6d-1773.webp,webp,95092,92.9,564,848,
/uploads/pennsylvania-colonial-5-shillings-1773-640.webp,webp,90972,88.8,640,991,
/uploads/pennsylvania-colonial-5-shillings-1773.jpg,jpg,113552,110.9,564,873,RESCAN
/uploads/pennsylvania-colonial-5-shillings-1773.webp,webp,99072,96.8,564,873,
/uploads/png-bank-10-kina-2007-polimero.jpg,jpg,112635,110.0,564,563,RESCAN
/uploads/png-bank-10-kina-2007-polimero.webp,webp,108684,106.1,564,563,
/uploads/png-bank-100-kina-2005-polimero.jpg,jpg,110444,107.9,564,564,RESCAN
/uploads/png-bank-100-kina-2005-polimero.webp,webp,103642,101.2,564,564,
/uploads/png-bank-2-kina-2007-polimero.jpg,jpg,116240,113.5,564,567,RESCAN
/uploads/png-bank-2-kina-2007-polimero.webp,webp,108376,105.8,564,567,
/uploads/png-bank-5-kina-2007-polimero.jpg,jpg,97968,95.7,564,568,RESCAN
/uploads/png-bank-5-kina-2007-polimero.webp,webp,88878,86.8,564,568,
/uploads/png-bank-50-kina-2005-polimero.jpg,jpg,135654,132.5,564,567,RESCAN
/uploads/png-bank-50-kina-2005-polimero.webp,webp,134896,131.7,564,567,
/uploads/puerto-rico-billete-de-canje-1-peso-1895-640.webp,webp,68632,67.0,640,667,
/uploads/puerto-rico-billete-de-canje-1-peso-1895.jpg,jpg,82772,80.8,564,588,RESCAN
/uploads/puerto-rico-billete-de-canje-1-peso-1895.webp,webp,71046,69.4,564,588,
/uploads/puerto-rico-junta-central-cuba-1500-pesos-1869-640.webp,webp,47406,46.3,640,665,
/uploads/puerto-rico-junta-central-cuba-1500-pesos-1869.jpg,jpg,64738,63.2,564,586,RESCAN
/uploads/puerto-rico-junta-central-cuba-1500-pesos-1869.webp,webp,50326,49.1,564,586,
/uploads/puerto-rico-republica-de-cuba-1-peso-1869-640.webp,webp,37186,36.3,640,561,
/uploads/puerto-rico-republica-de-cuba-1-peso-1869.jpg,jpg,50729,49.5,564,494,RESCAN
/uploads/puerto-rico-republica-de-cuba-1-peso-1869.webp,webp,39526,38.6,564,494,
/uploads/puerto-rico-tesoreria-nacional-25-pesos-1813-900.webp,webp,77268,75.5,900,657,
/uploads/puerto-rico-tesoreria-nacional-25-pesos-1813.jpg,jpg,139659,136.4,987,721,RESCAN
/uploads/puerto-rico-tesoreria-nacional-25-pesos-1813.webp,webp,115318,112.6,987,721,
/uploads/qatar-central-bank-100-riyals-hibrido-polimero.jpg,jpg,107200,104.7,564,527,RESCAN
/uploads/qatar-central-bank-100-riyals-hibrido-polimero.webp,webp,100970,98.6,564,527,
/uploads/rafael-nunez.jpg,jpg,119261,116.5,485,600,RESCAN
/uploads/rafael-nunez.webp,webp,88100,86.0,485,600,
/uploads/Republica_Dominicana_20pesos.jpg,jpg,118763,116.0,564,504,RESCAN
/uploads/RepublicaBolivarDeColombia1peso.jpg,jpg,74442,72.7,564,484,RESCAN
/uploads/RepublicaBolivarDeColombia2pesos.jpg,jpg,68095,66.5,564,431,RESCAN
/uploads/RepublicaDeColombia10peso_1904.jpg,jpg,131616,128.5,564,515,RESCAN
/uploads/RepublicaDeColombia1peso_1904.jpg,jpg,143388,140.0,564,566,RESCAN
/uploads/RepublicaDeColombia25peso_1904.jpg,jpg,148916,145.4,564,595,RESCAN
/uploads/RepublicaDeColombia2peso_1904.jpg,jpg,149880,146.4,564,580,RESCAN
/uploads/RepublicaDeColombia50peso_1904.jpg,jpg,136005,132.8,564,529,RESCAN
/uploads/RepublicaDeColombia5peso_1904.jpg,jpg,164932,161.1,564,621,RESCAN
/uploads/ringling-bros-50th-anniversary-baraboo-10-cents-640.webp,webp,95294,93.1,640,512,
/uploads/ringling-bros-50th-anniversary-baraboo-10-cents.jpg,jpg,409395,399.8,1400,1120,
/uploads/ringling-bros-50th-anniversary-baraboo-10-cents.webp,webp,405596,396.1,1400,1120,
/uploads/ringling-bros-50th-anniversary-baraboo-15-cents-640.webp,webp,80074,78.2,640,428,
/uploads/ringling-bros-50th-anniversary-baraboo-15-cents.jpg,jpg,360696,352.2,1400,935,
/uploads/ringling-bros-50th-anniversary-baraboo-15-cents.webp,webp,348822,340.6,1400,935,
/uploads/ringling-bros-50th-anniversary-baraboo-5-cents-640.webp,webp,74050,72.3,640,432,
/uploads/ringling-bros-50th-anniversary-baraboo-5-cents.jpg,jpg,315258,307.9,1400,945,
/uploads/ringling-bros-50th-anniversary-baraboo-5-cents.webp,webp,297234,290.3,1400,945,
/uploads/romania-bnr-1-leu-2005-polimero.jpg,jpg,103618,101.2,564,583,RESCAN
/uploads/romania-bnr-1-leu-2005-polimero.webp,webp,93974,91.8,564,583,
/uploads/romania-bnr-10-lei-2005-polimero.jpg,jpg,107878,105.3,564,612,RESCAN
/uploads/romania-bnr-10-lei-2005-polimero.webp,webp,97244,95.0,564,612,
/uploads/romania-bnr-2000-lei-1999-eclipse-polimero.jpg,jpg,89160,87.1,564,500,RESCAN
/uploads/romania-bnr-2000-lei-1999-eclipse-polimero.webp,webp,82994,81.0,564,500,
/uploads/romania-bnr-5-lei-2005-polimero.jpg,jpg,98424,96.1,564,595,RESCAN
/uploads/romania-bnr-5-lei-2005-polimero.webp,webp,87174,85.1,564,595,
/uploads/Rumania1.jpg,jpg,122760,119.9,564,583,RESCAN
/uploads/Rumania10.jpg,jpg,126755,123.8,564,612,RESCAN
/uploads/Rumania2000.jpg,jpg,113583,110.9,564,500,RESCAN
/uploads/Rumania5.jpg,jpg,112611,110.0,564,595,RESCAN
/uploads/samoa-central-bank-2-tala-1990-polimero-specimen.jpg,jpg,128192,125.2,564,569,RESCAN
/uploads/samoa-central-bank-2-tala-1990-polimero-specimen.webp,webp,131780,128.7,564,569,
/uploads/Samoa2_specimen.jpg,jpg,160498,156.7,564,569,RESCAN
/uploads/Screenshot 2026-07-09 at 10.42.28 PM.png,png,19099,18.7,592,79,RESCAN
/uploads/Screenshot 2026-07-09 at 9.59.51 PM.png,png,427096,417.1,1579,692,
/uploads/Screenshot 2026-07-10 at 2.31.16 PM.png,png,27099,26.5,702,285,RESCAN
/uploads/Screenshot 2026-07-14 at 12.24.49 PM.png,png,60072,58.7,1234,276,
/uploads/simon-bolivar.jpg,jpg,29101,28.4,384,520,RESCAN
/uploads/simon-bolivar.webp,webp,25716,25.1,384,520,
/uploads/Solomon_Islands_2.jpg,jpg,119682,116.9,564,580,RESCAN
/uploads/solomon-islands-cbsi-2-dollars-2001-polimero.jpg,jpg,107465,104.9,564,580,RESCAN
/uploads/solomon-islands-cbsi-2-dollars-2001-polimero.webp,webp,99892,97.6,564,580,
/uploads/Sri_Lanka_200blue.jpg,jpg,147136,143.7,564,563,RESCAN
/uploads/Sri_Lanka_200red.jpg,jpg,134279,131.1,564,564,RESCAN
/uploads/sri-lanka-cbsl-200-rupees-1998-polimero-negro.jpg,jpg,127263,124.3,564,563,RESCAN
/uploads/sri-lanka-cbsl-200-rupees-1998-polimero-negro.webp,webp,120788,118.0,564,563,
/uploads/sri-lanka-cbsl-200-rupees-1998-polimero-rojo.jpg,jpg,117687,114.9,564,564,RESCAN
/uploads/sri-lanka-cbsl-200-rupees-1998-polimero-rojo.webp,webp,110066,107.5,564,564,
/uploads/state-bank-new-brunswick-1-dollar.jpg,jpg,85413,83.4,564,490,RESCAN
/uploads/state-bank-new-brunswick-1-dollar.webp,webp,80102,78.2,564,490,
/uploads/Suazilandia100Emalangeni.jpg,jpg,466592,455.7,564,504,RESCAN
/uploads/Suazilandia10Emalangeni.jpg,jpg,537570,525.0,564,548,RESCAN
/uploads/Suazilandia200Emalangeni.jpg,jpg,477337,466.1,564,494,RESCAN
/uploads/Suazilandia20Emalangeni.jpg,jpg,500815,489.1,564,528,RESCAN
/uploads/Suazilandia50Emalangeni.jpg,jpg,486133,474.7,564,513,RESCAN
/uploads/swaziland-cbs-10-emalangeni-2010-hibrido.jpg,jpg,98905,96.6,564,548,RESCAN
/uploads/swaziland-cbs-10-emalangeni-2010-hibrido.webp,webp,94136,91.9,564,548,
/uploads/swaziland-cbs-100-emalangeni-2010-hibrido.jpg,jpg,90952,88.8,564,504,RESCAN
/uploads/swaziland-cbs-100-emalangeni-2010-hibrido.webp,webp,84102,82.1,564,504,
/uploads/swaziland-cbs-20-emalangeni-2010-hibrido.jpg,jpg,97479,95.2,564,528,RESCAN
/uploads/swaziland-cbs-20-emalangeni-2010-hibrido.webp,webp,89394,87.3,564,528,
/uploads/swaziland-cbs-200-emalangeni-2010-hibrido.jpg,jpg,89251,87.2,564,494,RESCAN
/uploads/swaziland-cbs-200-emalangeni-2010-hibrido.webp,webp,81702,79.8,564,494,
/uploads/swaziland-cbs-50-emalangeni-2010-hibrido.jpg,jpg,89865,87.8,564,513,RESCAN
/uploads/swaziland-cbs-50-emalangeni-2010-hibrido.webp,webp,80142,78.3,564,513,
/uploads/Taiwán_50dolares.jpg,jpg,83364,81.4,564,488,RESCAN
/uploads/taiwan-bank-of-taiwan-50-dolares-1999-polimero.jpg,jpg,68971,67.4,564,488,RESCAN
/uploads/taiwan-bank-of-taiwan-50-dolares-1999-polimero.webp,webp,58204,56.8,564,488,
/uploads/Tesoria Nacional de Puerto Rico.jpg,jpg,135291,132.1,987,721,RESCAN
/uploads/The Adrian Insurance Company 2.jpeg,jpeg,65467,63.9,564,480,RESCAN
/uploads/US 2 Shillings and six pence.jpg,jpg,114075,111.4,564,848,RESCAN
/uploads/US 5 Shilligs .jpg,jpg,122176,119.3,564,873,RESCAN
/uploads/us-federal-reserve-bank-note-100-dollars-minneapolis-1929.jpg,jpg,107069,104.6,564,505,RESCAN
/uploads/us-federal-reserve-bank-note-100-dollars-minneapolis-1929.webp,webp,102352,100.0,564,505,
/uploads/us-federal-reserve-note-10-dollars-1934a-chicago.jpg,jpg,103604,101.2,564,493,RESCAN
/uploads/us-federal-reserve-note-10-dollars-1934a-chicago.webp,webp,96068,93.8,564,493,
/uploads/us-federal-reserve-note-10-dollars-1934a-cleveland.jpg,jpg,102597,100.2,564,497,RESCAN
/uploads/us-federal-reserve-note-10-dollars-1934a-cleveland.webp,webp,94210,92.0,564,497,
/uploads/us-federal-reserve-note-10-dollars-1934a-sanfrancisco.jpg,jpg,102016,99.6,564,487,RESCAN
/uploads/us-federal-reserve-note-10-dollars-1934a-sanfrancisco.webp,webp,94402,92.2,564,487,
/uploads/us-federal-reserve-note-10-dollars-1934d-richmond.jpg,jpg,102749,100.3,564,491,RESCAN
/uploads/us-federal-reserve-note-10-dollars-1934d-richmond.webp,webp,93764,91.6,564,491,
/uploads/us-federal-reserve-note-100-dollars-1990-cleveland.jpg,jpg,93019,90.8,564,487,RESCAN
/uploads/us-federal-reserve-note-100-dollars-1990-cleveland.webp,webp,81842,79.9,564,487,
/uploads/us-federal-reserve-note-20-dollars-hawaii-1934a.jpg,jpg,112968,110.3,564,505,RESCAN
/uploads/us-federal-reserve-note-20-dollars-hawaii-1934a.webp,webp,106252,103.8,564,505,
/uploads/us-giori-press-test-note-640.webp,webp,58098,56.7,640,574,
/uploads/us-giori-press-test-note.jpg,jpg,551791,538.9,1873,1681,
/uploads/us-giori-press-test-note.webp,webp,454550,443.9,1873,1681,
/uploads/us-legal-tender-note-1-dollar-red-seal-1928.jpg,jpg,105987,103.5,564,492,RESCAN
/uploads/us-legal-tender-note-1-dollar-red-seal-1928.webp,webp,98810,96.5,564,492,
/uploads/us-legal-tender-note-100-dollars-red-seal-1966.jpg,jpg,99048,96.7,564,481,RESCAN
/uploads/us-legal-tender-note-100-dollars-red-seal-1966.webp,webp,89426,87.3,564,481,
/uploads/US-Obsolete-StateBank@NewBrunswick-1Dollar.jpg,jpg,378855,370.0,564,490,RESCAN
/uploads/us-silver-certificate-1-dollar-north-africa-1935a.jpg,jpg,114437,111.8,564,477,RESCAN
/uploads/us-silver-certificate-1-dollar-north-africa-1935a.webp,webp,110364,107.8,564,477,
/uploads/US-SilverCertificate-Africa-1934A-1Dollar.jpg,jpg,368343,359.7,564,477,RESCAN
/uploads/us-treasury-gold-certificate-10-dollars-1928.jpg,jpg,98551,96.2,564,477,RESCAN
/uploads/us-treasury-gold-certificate-10-dollars-1928.webp,webp,79880,78.0,564,477,
/uploads/US$101934D.jpg,jpg,331067,323.3,564,497,RESCAN
/uploads/US$101934E.jpg,jpg,335612,327.7,564,491,RESCAN
/uploads/US$101934G.jpg,jpg,340212,332.2,564,493,RESCAN
/uploads/US$101934L.jpg,jpg,331725,324.0,564,487,RESCAN
/uploads/US$11928PR.jpg,jpg,346182,338.1,564,492,RESCAN
/uploads/usda-food-coupon-1-dollar-1980-serie-b.jpg,jpg,67481,65.9,567,486,RESCAN
/uploads/usda-food-coupon-1-dollar-1980-serie-b.webp,webp,59702,58.3,567,486,
/uploads/vale-mas-de-1.000-euros-la-moneda-de-2-€-que-llevas-en-tu-cartera-y-no-te-has-dado-cuenta.webp,webp,359360,350.9,1800,1013,
/uploads/VicenteBVillaeHijos_5pesos.jpg,jpg,170682,166.7,564,569,RESCAN
/uploads/washington-portrait-stuart.jpg,jpg,177658,173.5,960,1166,RESCAN
/uploads/zambia-bank-of-zambia-1000-kwacha-2003-polimero.jpg,jpg,116596,113.9,564,562,RESCAN
/uploads/zambia-bank-of-zambia-1000-kwacha-2003-polimero.webp,webp,113228,110.6,564,562,
/uploads/zambia-bank-of-zambia-500-kwacha-2003-polimero.jpg,jpg,106682,104.2,564,559,RESCAN
/uploads/zambia-bank-of-zambia-500-kwacha-2003-polimero.webp,webp,100210,97.9,564,559,
/uploads/Zambia1000Kwacha.jpg,jpg,591552,577.7,564,562,RESCAN
/uploads/Zambia50Kwacha.jpg,jpg,560320,547.2,564,559,RESCAN